Compound ID,smiles,logS(Predicted),logP(True)
C1001,Clc1cc(Cl)c(Cl)cc1O,3.2027670002253266,3.3524
C1007,O=C1NC(=O)NC(=O)C1(CC=C)c1ccccc1,1.55939283353189,1.5241
C1009,C(CCS)C,1.7875323828581355,1.7163
C1011,C1(=O)NC(=O)NC(=O)C1(C1=CCCCC1)CC,1.8417145622523938,1.9067999999999994
C1015,c1ccc2c(ccc(O)c2)n1,1.8982660069856494,1.9403999999999992
C1018,BrC[C@@H](C)Br,2.1016925210576636,2.1647
C1030,c1c([C@H](O)[C@H](CO)NC(C(Cl)Cl)=O)ccc([N+](=O)[O-])c1,1.7818156386258703,1.8230999999999997
C1031,C([C@H](CCCC)CC)O,2.221411412445015,2.195099999999999
C1041,C([C@H](O)C)CCCCC,2.3697851978309394,2.3376000000000006
C1048,c1(CC(=O)O)c[nH]c2c1cccc2,1.7392458072033388,1.795
C1063,N1C(=O)NC(=O)C([C@@H](C)CC)(CC=C)C1=O,1.5371825891254471,1.6186000000000003
C1097,c1ccccc1[C@@H]([C@@H](c1ccccc1)O)O,2.247951219222927,2.453599999999999
C1102,c1ccccc1NC(CC)=O,2.04466509643885,2.1081
C1110,C(Br)(Cl)Br,2.1198133762074547,2.2986
C1111,[C@@H]12[C@H](C(=O)OC1)C(OC)=C(OC)C=C2,0.9007528119407466,0.8497999999999998
C1125,C(C(CCC)C(O)=O)CC,2.227745005251865,2.2874
C1126,C(CCl)CBr,2.0168198009759486,2.0102
C1149,C1(=O)CSC(=S)N1,0.6308171089072597,0.4631
C1155,C(=C)Cl,1.3590935705451526,1.3687
C1160,BrCCC,1.756951773402322,1.7913
C1162,c1ccc(OC(=O)C)c(C(=O)O)c1,1.2906842506401517,1.3100999999999998
C1169,Clc1c(C(O)=O)c(OC)c(Cl)cc1,2.517594101406189,2.7001999999999993
C1190,C(CN(C(C(Cl)Cl)=O)CC=C)=C,2.0824245783441913,1.9906999999999995
C1191,C(C)COCCC,1.7710744455408538,1.8230000000000002
C1193,CC(O[C@@H]1[C@@H](Cc2ccc(OC)cc2)NC[C@H]1O)=O,1.0394797663220763,0.8309000000000001
C1212,c1(OC(=O)NC)ccccc1C1OCCO1,1.6018751278538685,1.8410999999999997
C1225,n1ccc(-c2ccncc2)cc1,2.1426658302016026,2.1435999999999997
C1233,C(C)(CCC)(CO)C,1.8476681236168542,1.805
C1252,c1(=O)[nH]cc(C)c(N)n1,0.4149616168742452,0.24169999999999994
C1263,C(CC(C)=O)(C)C,1.6734830676068058,1.6215000000000002
C1265,O=C1c2c(cccc2O)[C@](O)(C)[C@@H]2C1=C(O)[C@]1(O)[C@@H](C2)[C@H](N(C)C)C(O)=C(C(=O)NCN2CCCC2)C1=O,0.6599105485957343,0.7986000000000002
C1271,C(CN(CC)CC)OC(=O)c1ccc(N)cc1,2.325942367905431,2.3485999999999994
C1287,C(SCCN/C(=N/C#N)NC)c1c(C)[nH]cn1,1.379458395215743,1.3791799999999999
C130,c1cc2c3c(cccc3)c(N)cc2c2ccccc12,4.937218226218853,5.3096
C1305,C1CCC(O)CCCC1,2.242106777620499,2.0916
C1312,[C@@](C(C)(C)C)(CC)(C)O,2.117990758430218,2.1935
C1322,c1c(S(=O)(=O)NC(=O)C)ccc(N)c1,2.1609456685287207,2.1465000000000005
C1324,O=C1NC(=O)NC(=O)C1(C)CC,0.518838175836426,0.42630000000000007
C1332,[C@@H]1(C(=O)OC)[C@H](C(=O)OC)[C@H]2C=C[C@@H]1C2,0.8397255377556048,0.7707000000000003
C1333,Cc1ccc(CO)cc1,1.5392016636332893,1.4872999999999998
C1334,c1cc(C=O)ccc1,1.4994353546928727,1.4991
C1335,c1c(O)c(C)cc(C)c1,1.9583794521584201,2.009
C1353,C(CCN)CCC,2.240355026392734,2.2257
C1359,C(=C)C,1.1995793139169202,1.1923
C1360,Fc1c[nH]c(=O)[nH]c1=O,-0.6105936011268035,-0.7977000000000001
C1373,CCC[C@@](O)(CC)C,1.8996819046337377,1.9474999999999996
C139,C1(C)(C)C(C(=O)O[C@H](c2cccc(Oc3ccccc3)c2)C#N)C1(C)C,4.838544075199565,5.26898
C1392,c12cncnc1nc(OC)cn2,0.4960312463286764,0.4284
C1397,C[C@H](CCCC)O,1.573586396273536,1.5574
C1400,[C@H]1(C)CC[C@H](O)CC1,1.545331104510162,1.5574
C1410,C(OCC)=C,1.117131188878553,1.1664
C1422,OC(=O)CCCCC(O)=O,0.672221104209228,0.7159999999999999
C1427,c1c(O)ccc(N)c1,1.5502548158127862,1.5556
C1443,C(CN(CCO)c1ccccc1)O,0.613791291449886,0.4776
C1453,c1cc(O)ccc1Cl,2.0201012400873513,2.0456
C1459,O(CCCC)C(N)=O,1.5334418017996663,1.5821
C1474,C(=C)[C@H](O)CCC,1.4662146809464602,1.3334000000000001
C148,Clc1ccc(CN(C(Nc2ccccc2)=O)C2CCCC2)cc1,4.721584078966399,5.3897
C1492,CCCNCCC,1.7782725344555292,1.7869
C1499,N(C)[C@H](C)[C@H](c1ccccc1)O,1.694953089561822,1.7188000000000005
C1503,C(C)(C)(C(C)C)O,1.4839548599087051,1.4133
C1524,O=C(CC)CC,1.378843084688944,1.3755
C1525,OC([C@H]1[C@@H](C(O)=O)[C@@H]2CC[C@H]1O2)=O,-0.15096586795380865,-0.0508
C1530,C=CC(OC)=O,0.5290220186531023,0.3454
C154,c1(Cl)ccc([C@H](CC(=O)C)c2c(=O)oc3c(c2O)cccc3)cc1,4.056754533780657,4.263000000000001
C1590,c1(C)cnccc1C,1.686252836412302,1.6983999999999997
C1597,c1cc(C)ncc1C,1.7312463342378486,1.6983999999999997
C1599,O(P(OCC)(=O)OCC)CC,2.2266326763437485,2.204
C1615,O=C1N=CN=CC1,-0.8607691759563065,-1.113
C1620,O[C@@H]1[C@](CO)(O)OC[C@H](O)[C@H]1O,-3.0062386639597274,-3.2198000000000007
C1622,O(/C(=C\C(=O)NC)C)P(OC)(=O)OC,1.5007003713729106,1.4446000000000003
C1627,[C@@H]1(O)[C@@H](CO)O[C@@H](O)[C@H](O)[C@H]1O,-2.986372712183511,-3.2214000000000005
C163,c1(Cl)c(Cl)cc(Cl)c(OP(OCC)(=S)OCC)n1,5.04483205610368,5.3687
C1643,O1CCN(C)CC1,0.11460128713342466,-0.11370000000000001
C1645,c1c(O)nccc1,0.8190076570955915,0.7872000000000001
C1653,N[C@@H](C)CC(O)=O,0.4265546182863099,0.5086
C1661,O=C(N)NC,0.3980046771622262,0.37570000000000003
C1662,COP(OC)(SCCS[C@@H](C(NC)=O)C)=O,2.425436703677826,2.3791
C1670,CN(C)c1ccc([C@@H]2C3=C4C(=CC(=O)CC4)CC[C@H]3[C@H]3[C@](C)(C2)[C@@](C#CC)(O)CC3)cc1,4.967849397729341,5.406499999999999
C1686,CC(C(O)=O)c1ccc(CC(C)C)cc1,2.8457846852263713,3.0732
C1687,C(Oc1c2c(cccc2)ccc1)C(O)CNC(C)C,2.8246993054861926,2.9684000000000004
C1691,C1CC2=CC(=O)CC[C@]2(C)[C@H]2[C@@H](O)C[C@@]3(C)[C@@H](CC[C@@H]3C(=O)CO)[C@H]12,2.5946643156972025,2.6667
C17,Clc1cc(Cl)c(Cl)c(-c2c(Cl)c(Cl)ccc2)c1Cl,6.899774335868949,7.274
C1708,n1(CCCCC(=O)C)c(=O)n(C)c2ncn(C)c2c1=O,0.29150229926545546,0.19299999999999995
C1710,C(Cl)(C(O)O)(Cl)Cl,1.0131490278239972,0.6673
C1711,C(=C(\C)CC/C=C(\C)CC/C=C(/CC/C=C(\C)CC/C=C(\C)CC/C=C(/CC/C=C(/CCC=C(C)C)C)C)C)\CC/C(=C/CC/C(=C/CC1=C(C)C(=O)C(OC)=C(OC)C1=O)C)C,16.659099804403112,17.8539
C1712,C(CCCCCCCCCCCCC)CCCC(Nc1ccc(NC(=O)CCCCCCCCCCCCCCCCC)cc1)=O,13.860898378338273,14.2326
C174,C(C(=O)O)c1c2cc(OC)ccc2n(C(=O)/C=C/c2ccccc2)c1C,3.467129128727432,3.938999999999999
C1743,c1c([N+]([O-])=O)ccc(C(O)C(NC(=O)C(Cl)Cl)COC(CCCCCCCCCCCCCCCCC)=O)c1,7.902203918252619,8.6355
C1753,C1C[C@]2(C)[C@@H]([C@@]3(C)CC[C@H](OC(C)=O)C(C)(C)[C@H]13)C(=O)C=C1[C@@H]3C[C@@](C)(C(O)=O)CC[C@]3(C)CC[C@@]21C,6.62070460745413,6.9834000000000005
C1762,O1[C@H]([C@@H](CC)C([C@H]([C@@H](O)[C@H](C)[C@@H]2O[C@@H]([C@@H](CC)C(O)=O)CC[C@@H]2C)C)=O)[C@@H](C)C[C@@H](C)[C@]12O[C@@]1([C@H](O)C=C2)O[C@](C)([C@@H]2O[C@@H](C)[C@](CC)(O)CC2)CC1,5.7020059480276775,6.188
C1768,CC1(C)C[C@H]2C3=CC[C@@H]4[C@@]5(C)CC[C@H](O)C(C)(C)[C@@H]5CC[C@@]4(C)[C@]3(C)CC[C@@]2(C(O)=O)CC1,6.86674595590132,7.2336
C1775,N(\c1ccccc1C)=N/c1cc(C)c(N/N=C2/c3ccccc3C=CC2=O)cc1,5.796467622989242,6.203900000000001
C1780,c1c(Br)c(C[N+]2(CCOCCC3CCC4CC3C4(C)C)CCCCC2)cc(OCC)c1OCC.[Br-],4.118648763011946,4.188999999999999
C1793,O(c1ncc(Br)cc1)CCCCCNCCSSCCNCCCCCOc1ccc(Br)cn1.Cl.Cl,8.625975673632421,8.7464
C1798,C[C@]12[C@@]3(C)[C@H](C(=O)C=C1[C@H]1[C@](C)(CC[C@](C)(C([O-])=O)C1)CC2)[C@]1(C)[C@@H](CC3)C(C)(C)[C@@H](OC(=O)CCC([O-])=O)CC1.[Na+].[Na+],3.6494416205857276,4.1589
C1803,C(CCCCC1C(=O)OC(C)C(NC(c2c(O)c(NC=O)ccc2)=O)C(=O)OC(C)C1OC(CC(C)C)=O)C,4.402351994338667,4.580199999999998
C1810,c1ccc2c(c1C(C(=O)N)(CCN(CC=C(C)C)CC=C(C)C)CC=C(C)C)cccc2,6.678981113835543,7.244
C1812,c1(OCCCC)ccc(C(=N)[NH+](CCCCC)CCCCC)c2ccccc12.[Cl-],2.706344182646233,2.7130999999999994
C1817,c1cccc(C(c2ccccc2)(CCN2CCN(c3nc(OCC)c(C(OCC)=O)cn3)CC2)c2ccccc2)c1.Cl,6.004216833738264,6.4036
C184,c1nc2c(Cl)c(Cl)c(Cl)c(Cl)c2nc1,4.049357966463603,4.243399999999999
C1866,C(CCC(C)C)[C@H]([C@@H]1[C@]2(C)[C@H]([C@@H]3C[C@@H](OC(C)=O)[C@]4(O)[C@](C)(CC[C@H](OC(CCC(=O)O)=O)C4)[C@H]3CC2)CC1)C,6.11500645176129,6.5408
C1867,C1CC(CCNCC2CCC(CNCCC3CCCCC3)CC2)CCC1.Cl.Cl,8.162825181036625,8.2986
C1878,C(Oc1c(OCC2CC2)cc2c([nH]cc(C(OCC)=O)c2=O)c1)C1CC1,2.933348679531366,3.2823999999999995
C1881,c1ccc(C(N/N=C(\[C@]2(O)Cc3c(c(O)c4c(c3O)C(=O)c3cccc(OC)c3C4=O)[C@@H](O[C@@H]3O[C@@H](C)[C@@H](O)[C@@H](N)C3)C2)C)=O)cc1,2.7319964993285604,3.3369999999999997
C1892,c1(C[NH2+]CC23CCC(C[NH2+]Cc4c(C(F)(F)F)cccc4)(CC2)CC3)c(C(F)(F)F)cccc1.[Cl-].[Cl-],-1.3313346136697446,-1.1002
C1894,C1CC(CNCc2ccccc2Br)CCC1CNCc1ccccc1Br.Cl.Cl,7.953889570896095,8.2832
C1899,C1(C(C2c3c(cccc3)-c3ccccc32)OCC[NH+](C)C)c2ccccc2-c2ccccc21.[Cl-],2.163244650928522,2.1451
C1903,C12=CC(=O)CC[C@]1(C)[C@@H]1[C@H]([C@H]3[C@](C)(CC1)[C@@H](OC(CCCCCC)=O)CC3)CC2,6.0233994497714765,6.400499999999999
C1910,c1(OC(c2ccc(C(F)(F)F)cc2)=O)ccc(N(CCBr)CCBr)cc1,5.222557450941485,5.520800000000002
C1911,c1cc(-c2cc(=O)c3c(c(-c4cc(-c5oc6cc(OC)cc(O)c6c(=O)c5)ccc4O)c(O)cc3O)o2)ccc1O,5.237179878924138,5.437
C1921,[C@H]12CC[C@H](C)CN1[C@@H]1[C@@H]([C@]3(C)[C@H]([C@@H]4CC=C5C[C@@H](O)CC[C@]5(C)[C@H]4C[C@@H]3O)C1)[C@@H]2C,4.427178576409887,4.5637
C1930,c1(CC)ccccc1C(Oc1ccc(N(CCBr)CCBr)cc1)=O,4.811577559839331,5.064400000000001
C1931,c1c(C[NH2+]CCCCCCCCC[NH2+]Cc2ccccc2Cl)c(Cl)ccc1.[Na+].[Na+],3.3842328573952263,4.551100000000001
C1946,C1[NH+](CCc2ccccc2)CCC(OC(=O)C2c3c(cccc3)-c3ccccc32)C1.[Cl-],2.455504984857364,2.2052999999999994
C1950,O=C(c1ccccc1)O[C@H]1[C@H]2[C@@](C)([C@@H](O)C[C@@H]3[C@@]2(OC(=O)C)CO3)C(=O)[C@H](O)C2=C(C)[C@@H](OC([C@@H]([C@H](c3ccccc3)NC(OC(C)(C)C)=O)O)=O)C[C@]1(O)C2(C)C,3.3516253892904984,3.6505
C1960,C(CC(c1sc2c(sc(C(CCC)(C)C)n2)n1)(C)C)C,5.560385559242428,5.9082
C1961,C(c1cc(O)cc2c1C1C(C(C)(C)O2)CCC(C)=C1)CCCC,5.456189348681361,5.735800000000001
C2002,C(OCC(COC(NC(O)C(Cl)(Cl)Cl)=O)(CCC)C)(NC(C(Cl)(Cl)Cl)O)=O,3.85256125461738,4.4042
C2009,c1cc(P(Oc2c(Cl)cc(Br)c(Cl)c2)(=S)OC)ccc1,5.85754858565218,6.0667
C201,Clc1c(-c2c(Cl)cccc2)cccc1,4.438355436356256,4.660399999999999
C2019,c1cc(CC(c2ccc(OCCN(CC)CC)cc2)(c2ccc(C)cc2)O)ccc1Cl,5.632056800444967,5.8476
C2038,C1CCN(CC/C=C2/c3c(ccc(Cl)c3)Sc3c2cccc3)C1.S(O)(=O)(O)=O,5.822722650257802,6.0881
C2042,C(=O)(/C=C\C(O)=O)O.c12c(cccc1)Sc1ccc(SCC)cc1N2CCCN1CCN(C)CC1.C(O)(=O)/C=C\C(=O)O,4.03463442845302,4.4032
C2049,C1CC(CNCC2=CCCCC2)CCC1CNCC1=CCCCC1.CC(O)=O.C(=O)(O)C,5.693029239648901,5.9364
C2068,c1ccc(-n2n(-c3ccccc3)c(OC(=O)c3cc(OC)c(OC)c(OC)c3)c(CCCC)c2=O)cc1,4.782258831767432,5.2158
C2069,C1C(=O)O[C@H](C)C[C@@H]2O[C@H]2/C=C/C(=O)[C@H](C)C[C@H](CC=O)[C@H](O[C@@H]2O[C@H](C)[C@@H](O[C@H]3C[C@@](C)(O)[C@@H](OC(=O)CC(C)C)[C@H](C)O3)[C@H](N(C)C)[C@H]2O)[C@@H](OC)[C@@H]1OC(=O)C,2.4434876539394432,2.4328
C207,O=C(OCc1cccc(Oc2ccccc2)c1)[C@@H]1C(C)(C)[C@H]1C=C(C)C,5.401296716737137,5.760500000000001
C2073,c1ccccc1C(=O)Oc1ccc2c(c1)CC[C@H]1[C@H]3[C@@](C)([C@@H](O)CC3)CC[C@@H]12,4.878972306200553,5.1228000000000025
C2077,c1cccc(C(=O)N2c3c(cc(N(C)C)cc3)Sc3c2ccc(N(C)C)c3)c1,4.759298096688878,5.326699999999999
C2081,C1(CCCCC)=CC=C(O)C2C1OC(C)(C)C1C2C=C(C)C=C1,5.00307785394674,5.4907
C209,Cc1c(C)c(C)c(C)c(C)c1C,3.2684485053040473,3.537
C2101,O=C(OC(CN(C(C)C)C(C)C)C)N1c2ncccc2Sc2c1cccc2.Cl,5.690632726912302,6.1952
C2103,O(CC(=O)O)c1c(I)cc(I)cc1I,2.869900661301188,2.9637999999999995
C2119,c12c(ccc(Cl)c1)Sc1c(cccc1)C[C@@H]2N1CC[C@@H](N(C)CC)C1,4.900186714750267,5.052300000000001
C212,c1c(C[C@@H](N)C(=O)O)cc(I)c(Oc2cc(I)c(O)cc2)c1I,4.453347874536856,4.653
C2121,N(C)(CC)[C@@H]1CN([C@@H]2Cc3ccccc3Sc3c2cc(Cl)cc3)CC1,4.828505245338687,5.0523
C2125,C(CCCCOCCCCCCCC)CCC,5.649922709173076,5.724
C2139,OC(c1ccc(C(C)(C)C)cc1)CCCN1CCC(C(c2ccccc2)(c2ccccc2)O)CC1,6.019903790426837,6.383700000000001
C2143,c1(C(c2ccccc2)(C#N)CCN2CCC(C(OCC)=O)(c3ccccc3)CC2)ccccc1.Cl,5.900316688482933,6.223180000000002
C2144,CC(N(CCSC(N1c2cccnc2Sc2c1cccc2C(F)(F)F)=O)C(C)C)C,6.200477644647799,6.7401
C2152,c1c(OC(=S)N(C)c2cc(C)ccc2)cc2c(c1)cccc2,4.743545979623038,4.9483
C2157,C1(CN2CCCCC2)OC2(c3c(cccc3)C=Cc3ccccc32)OC1.OC(=O)/C=C\C(=O)O,3.6009841163737106,3.9225000000000003
C2165,Brc1ccc2c(c1)/C(=C/CCN(C)C)c1ccccc1S2.Cl,5.768776561247212,6.0991
C2174,C(N)(=O)N1CCN(CCCN2c3ccccc3Sc3ccc(Cl)cc32)CC1,4.343205437694619,4.6701999999999995
C2175,C(CCCCSCCBr)(=O)NCCNC(=O)CCCCSCCBr,4.642701020883863,4.597399999999999
C2191,c12c(C(C(N)=O)CCN(CC=C(C)C)CC=C(C)C)cccc1cccc2,5.250760304892054,5.7334999999999985
C2201,C(CCCCCN(C)C)CCCCCCCCCC,5.8906914981219565,6.029300000000001
C2208,c1ccc2c(c1)Sc1ccc(C(CCC)=O)cc1N2CCCN(C)C.OC(/C=C\C(O)=O)=O,4.595454119165384,5.0006
C2225,c1(C(c2ccccc2)(CCN2CCN(c3nccc(NC)n3)CC2)c2ccccc2)ccccc1,4.872143347597455,5.1409
C2239,CC1[NH+](C)C(CCc2ccc(Cl)cc2)c2cc(C)c(C)cc2C1.[Cl-],2.564206810815629,2.6632
C2241,c1(CO)c2c(c(NCCN(CC)CC)cc1)c(=O)c1ccccc1s2.S(C)(=O)(O)=O,4.2505218892854035,4.3185
C2255,c12[nH]c3c(c1ccnc2C)ccc(OCCCCC)c3.Cl,5.005612869993694,5.3955
C226,C(CC)CSP(SCCCC)(SCCCC)=O,5.88132701701505,6.6944
C2262,[NH2+](C12CCC([NH2+]Cc3ccccc3Cl)(CC1)CC2)Cc1ccccc1Cl.[Cl-].[Cl-],-1.659571639142901,-2.3262
C2268,c12c(cccc1)N(CCCN(CC)CC)c1ccccc1NC2=O,3.712762423061417,3.7769
C2275,N1C(=O)C(CC)(c2ccccc2)N(C)C1=O,1.5654096532676576,1.7402000000000004
C2276,c1c(/C=C/c2ccccc2)nc(/C=C/c2ccccc2)cc1,5.032852481964644,5.422399999999999
C2279,c1c2c([nH]c3c2c(C)c2cnccc2c3C)ccc1OC,4.178754763663604,4.494699999999999
C228,N(C(=O)NS(c1ccc(CCNC(=O)c2c(OC)ccc(Cl)c2)cc1)(=O)=O)C1CCCCC1,5.4522356046296965,5.8952
C2306,C(NCCSSCCNCCCOc1ccc(Cl)cn1)CCOc1ncc(Cl)cc1.Cl.Cl,6.702382765805319,6.9678
C2307,c1c2c(ccc1)Sc1c(cc(Cl)cn1)N2C(=O)SCCN(C(C)C)C(C)C.Cl,6.55718094655524,7.1767
C2309,C(CCCCN1CSCC1)CSCCCCCCCCC.Cl,6.466291133707216,6.7768
C2313,CC(C)CNC12CC3CC(C1)CC(C2)C3.Cl,4.2850599018883235,4.393699999999999
C2334,n1c2c(c(NCCSS(=O)(O)=O)c3c1cccc3)cccc2,4.152263567671005,4.4897
C2350,N(CC1CCC(CNC2CCCCC2)CC1)C1CCCCC1.Cl.Cl,6.652045992340729,7.023200000000001
C2351,Cl.C1C(CNCC2CCC(CNCC3CCCC3)CC2)CCC1.Cl,6.53844213659889,6.738200000000003
C2376,C1CCCCC1NCC1=CCC(CNC2CCCCC2)CC1.C(=O)(O)C.OC(=O)C,5.177253876209252,5.5211
C2397,c1ccc2c(c1)Sc1ccc(Cl)cc1/C2=C/CCN(C)C,4.937483565985107,5.188
C2399,c12c(cccc1)N(CC)/C(=C/C=C/C=C/C=C/c1sc3ccccc3[n+]1CC)S2.[I-],3.1083292717004443,3.1362000000000005
C2414,C(CN(CC)CC)CN(c1c(C)cccc1C)C(=O)Cc1ccccc1,4.388317647248052,4.611000000000001
C2417,C1[N+]2(CCC)[C@@H]([C@H](c3c4cc(OC)ccc4ncc3)O)CC(CC2)C1C=C.[Br-],1.1563559330728261,1.0608
C2429,C1(c2ccc(C(F)(F)F)cc2)(CCCN(C)C)c2ccccc2C(C)(C)O1.Cl,5.976115557019452,6.3581
C2441,C(C(Oc1ccc(C(c2ccc(Cl)cc2)=O)cc1)(C)C)(=O)OC(C)C,4.4380019252500835,4.680000000000001
C2447,c1ccc2c(c1)C(CCC[NH+](C)C)c1c(cccc1)C2(C)C.[Cl-],0.5887998811006164,0.38649999999999995
C2449,c1cc(CCNCC2CCC(CNCCc3ccccc3)CC2)ccc1.Cl.Cl,6.544540006455341,6.8432
C2451,C(CCCCC)COc1c(NC(=O)OC(C)C[NH+](CC)CC)cccc1.[Cl-],0.7493190362498556,0.9745000000000001
C2457,c12ccsc1CCc1c(cccc1)C2=C1CCN(C)CC1,4.30325027689198,4.312099999999999
C2458,c12c(cccc1)C(CCCN1CCN(C)CC1)c1ccccc1S2.Cl.Cl,5.624783562904949,5.790500000000001
C246,O=C1N(c2cc(Cl)cc(Cl)c2)C(=O)O[C@@]1(C)C=C,2.9675865944150503,3.4863
C2460,c1(Cl)c(O)c(Cc2c(O)c(Cl)cc(Cl)c2)cc(Cl)c1,5.039471121479445,5.3022
C2466,OCC(=O)[C@@]1(OC(CCCC)=O)CC[C@H]2[C@H]3[C@H]([C@@H](O)C[C@]12C)[C@]1(C)C(=CC(=O)C=C1)CC3,3.216499321441283,3.2987
C2467,c12ccccc1Sc1c(cccc1)N2CC1CN2CCC1CC2,4.415858443077444,4.633999999999997
C2476,C(O)(=O)[C@H](O)[C@H](C(=O)O)O.c1c2c(ccc1O)C[C@H]1N(CC(CC)c3ccccc3)CC[C@]23[C@H]1CCCC3,3.215757162022618,3.4597
C2478,c12c(cc(Br)c(OC)c1)C[C@@H]1N(C)CC[C@@]23[C@@H]1CCCC3.Br,4.797282281441683,5.0419
C2479,CCCC[NH+](CCCC)CCCC1(c2ccccc2)c2ccccc2OC1=O.[Cl-],1.4134104775615621,1.1610000000000003
C2487,c1c(OC)cc2c(c1)/C(=C/CCN1CCN(C)CC1)c1c(cccc1)S2.Cl.Cl,5.4270209711129835,5.7088
C249,C1c2c(cccc2)-c2c1cccc2,3.188349433969182,3.2578000000000005
C2491,[Cl-].O=C1c2c(cccc2)Nc2c(ccc(Cl)c2)N1CC[NH+](C)C,-0.6505829560014337,-1.1531000000000002
C2504,S(CC[NH+](c1ccccc1)CCSCCCl)CCCl.[Cl-],-0.10392093009894089,0.15099999999999994
C2523,c1ccc(C(CCC)(C(OCCN(CC)CC)=O)c2ccccc2)cc1.Cl,5.175021190253415,5.4598
C2525,c1cc2c(cc1)C(C)(C)c1ccccc1N2CCCN(C)C.[C@@H](C(=O)O)(O)[C@H](C(O)=O)O,2.1819656769598885,2.3581
C2534,CCN(CCN1c2c(cccc2)Sc2c1cccc2)CC.Cl,5.162107986438409,5.498099999999998
C2543,c1cc(OC)cc2c1C[C@H]1N(CCC(C)C)CC[C@@]23CCCC[C@@H]13.[C@@H](C(O)=O)(O)[C@H](C(=O)O)O,2.523153143995009,2.615
C2557,C(CCCCCCCCCCCCC)CC[n+]1ccccc1.[Cl-].O,3.038763733033935,3.3951
C2564,c1(CN(C(CC23CC4CC(C2)CC(C4)C3)C)C)ccccc1.Cl,5.609272713836342,5.915400000000001
C2571,O(C(=O)N)[C@@H]1[C@@H](OC)C(C)(C)O[C@H](Oc2ccc3c(O)c(NC(=O)c4ccc(O)c(CCC(C)C)c4)c(=O)oc3c2C)[C@@H]1O,4.119836968262701,4.4803
C2586,C1N(CCCC)CCC(c2ccccc2)(OC(=O)Cc2ccccc2)C1.Cl,5.006913904137852,5.303599999999998
C259,c1nc2c(cc1)C(=O)Nc1c(C)cc(N(C)C)cc1N2CC,2.740512165470889,2.8343
C2590,c12ccccc1-c1ccc(C(C(=O)O)C)cc1CC2,3.500995999616671,3.6403
C2594,C1=C/C(=O)O[C@@H](C)CCC/C=C/[C@H]2[C@H]([C@@H]/1O)C[C@@H](O)C2,1.9577492138295327,1.9624
C2601,S1c2ccc(Cl)cc2N(CCCN)c2c1cc(O)cc2,4.38868407654921,4.7624
C2602,C(CC1c2c(cccc2)CCc2ccccc21)C[NH2+]C.[Cl-],0.17953744089068385,-0.10550000000000002
C2608,c1cccc(C(c2ccccc2)C(=O)OC2CC[NH+](CCCC)CC2)c1.[Cl-],1.8383404348031147,1.7823
C2609,c1c(OC)c(OC)cc2c1[C@@H]1CC(C[C@H]3NCCc4cc(OC)c(OC)cc43)=C(CC)CN1CC2,4.938069550854038,5.274300000000002
C2635,C1C[NH+](CCOC(Nc2cc(OCCCCCCC)ccc2)=O)CCC1.[Cl-],2.2966124289001066,2.2993
C264,C1[C@@H]2c3c(cc(O)cc3)CC[C@H]2[C@@H]2CC[C@H](O)[C@@]2(C)C1,3.4627580670761304,3.6091999999999995
C2672,C=CCO/[NH+]=C(\c1ccc(OC)c(OC)c1)c1c2c(ccn1)cc(OC)c(OC)c2.[Cl-],-0.6159935803759031,-0.6912
C2681,CN(C/C=C1\c2c(ccc(Cl)c2)Sc2ccccc21)C.Cl,5.40762214016752,5.599899999999999
C2689,Cl.c1c2c(ccc1)CCc1c(cccc1)C21CNCCC1,4.696671729854683,4.585499999999999
C2702,c1ccc(OC)c(OC)c1CNCC1CCC(CNCc2c(OC)c(OC)ccc2)CC1.Cl.Cl,6.396502590029636,6.7926
C2706,c1ccccc1C[S+](C)Cc1ccccc1.[O-][N+](=O)[O-],3.5240143329267317,3.9190000000000005
C2707,c1(C)c(Br)c(C)c(NC(CN(CC(=O)O)CC(O)=O)=O)c(C)c1,1.7826263030066536,1.857
C2718,c1c(C)c(OCCCC)ccc1CC(N)=O,2.809168362515797,2.902
C2719,c1ccncc1C(OC1C(OC(c2cnccc2)=O)C(OC(c2cnccc2)=O)C(OC(=O)c2cnccc2)C(OC(c2cccnc2)=O)C1OC(c1cnccc1)=O)=O,3.9682962101225554,3.7236
C2721,c1(CCCC2[NH+](C)CCc3cc(OC)c(OC)cc32)ccc(Cl)cc1.[Br-],2.066766242457768,2.0651999999999995
C2736,COc1ccc(C2=C(CC)C(C)C(C(O)=O)CC2)cc1,3.589546619601887,3.989500000000001
C2756,C(Cc1ccccc1)N1CCc2c3c(ccc2)-c2c(O)c(O)ccc2C[C@H]31.Cl,4.932041144075148,5.202699999999999
C2766,OC(C([O-])=O)=O.C(n1c2c(c3cc(F)ccc13)cccc2)C[NH+]1CCCC1,1.9370874268035574,2.0024
C2769,CNCCCC1(c2ccccc2)CC(C)(C)c2ccccc21.Cl,5.673191474168073,5.846499999999998
C278,N1(C)CCC[C@H](CN2c3c(cccc3)Sc3ccccc32)C1,4.29954502889754,4.6339999999999995
C2780,C1CCCC(CCc2c(NC(c3ccc(OC)cc3)=O)cccc2)N1C,4.139264191846562,4.375300000000002
C2781,C1N=C(Nc2c(C)cccc2C)SCC1,2.6963534348416234,2.7167999999999997
C2791,c1c(N=C=S)ccc(N=C=S)c1,2.8812121239550836,3.1552000000000002
C2792,Cl.c1ccccc1C1C2(CC(C)NC)CC3CC(CC1C3)C2,5.4996492180306085,5.787399999999998
C2796,c1ccc(C2CC(C)(C)N(C(=O)CN(CC)CC)C(C)(C)C2)cc1,3.9220931595508595,4.2295
C2802,c1cccc(C(CCN2CCCCC2)NC(=O)c2ccccc2)c1.Cl,4.642945882261787,5.1645
C2803,c12c(cc(O)cc1)[C@]13CCN(C/C=C/c4ccccc4)[C@H](C2)[C@@H]1CCCC3.Br,5.655362736392088,6.0600000000000005
C2822,C(c1c(OCCN(C)C)c(C(C)C)ccc1C)(=O)OCc1ccccc1,4.142516477682809,4.415799999999999
C2828,CCCCCc1cc[n+](C(c2ccccc2)c2ccccc2)cc1.[Br-],2.2215057689771194,2.3485
C2836,c1cc(N(CC(COCC(C)C)N2CCCC2)Cc2ccccc2)ccc1.Cl.O,5.050390700254875,5.505799999999999
C2855,C1CCn2c(=O)c(CCN3CCC(c4noc5c4ccc(F)c5)CC3)c(C)nc2C1,3.8545224453937603,3.5283
C2859,C1[C@@H](O)CC(=O)O[C@@H]1CC[C@H]1[C@@H](C)C=CC2=C[C@H](C)C[C@H](OC(=O)[C@H](CC)C)[C@@H]21,3.9629859025008956,4.195500000000002
C2876,ClC(Cl)(C(OC(COc1c(C)cccc1)COC(O)C(Cl)(Cl)Cl)O)Cl,3.8072287180181856,4.152800000000003
C290,N(CCOc1ccc(Oc2ccccc2)cc1)C(OCC)=O,3.7333370217561206,3.9946999999999995
C2900,OCC(c1cc2ccc3c(c2cc1)cccc3)C,3.7976494226704838,4.088799999999998
C2918,C(N(C)C)CCC1c2ccccc2C(c2ccccc2)(C)C1.Cl,5.311118532551847,5.6237
C2920,c1c(Cl)cc2n(CC[NH+](C)C)c3c(ccc(OC)c3)c2c1.[Cl-],-0.3024352394796519,-0.39499999999999996
C2922,c1cccc(C(C(=O)N[C@@H]2C(=O)N3[C@@H]2SC(C)(C)[C@@H]3C(=O)O)C(Oc2ccccc2)=O)c1,2.2563857025352,2.336299999999999
C2930,c1(I)cnc(SCCCCCCN2CSCC2)cc1.Cl,5.001150142482825,5.0849
C2953,c1c2c(ccc1)C(CCCN(C)C)(O)c1c(cccc1)CC2,3.3496605225753235,3.3628999999999993
C2965,c12c(cccc1)N(C(CN(CC)CC)=O)c1ccccc1S2,4.0774564925536545,4.2227
C2973,c12c(cccc1)C1(OC(CN3CCOCC3)CO1)c1c(cccc1)C=C2.O=C(O)/C=C\C(O)=O,2.5848803453247045,2.7687999999999997
C2975,C([NH+](CC=Cc1c(C)cccc1)Cc1ccccc1)CCl.[Cl-],0.9159181186660997,0.3361
C2987,CNCCC=C1c2ccccc2C=Cc2ccccc21.Cl,5.128433228755678,5.404500000000003
C3,Clc1c(-c2c(Cl)c(Cl)c(Cl)c(Cl)c2)c(Cl)c(Cl)c(Cl)c1Cl,8.930252866536172,9.234199999999998
C30,c1ccc2c(c3c4c5c(cccc5cc3)ccc4c2)c1,5.352631188114758,5.7372
C3000,Cl.C(C)(CC1(c2ccccc2)OC(C)(C)c2c1cccc2)CN(C)C,5.226091804763137,5.585299999999999
C3005,C(CN(C)C)C(c1cc2c(cc1)cccc2)(CC=C(C)C)C#N.Cl,5.310855364345952,5.7111800000000015
C3024,c1(C2(O)CCN(CCCC(c3ccc(F)cc3)=O)CC2)cccc(C(F)(F)F)c1.Cl,5.248295729355642,5.5309
C3041,c1cc(Cl)cc2c1OCc1ccccc1/C2=C/CCN1CCN(CCO)CC1.Cl.Cl,4.839767496468546,5.1439
C3078,C1=C/C=C(\C)[C@@H](O)C[C@H](O)C[C@H](O)C[C@H](O)C[C@H](O)C[C@H](O)C[C@H](O)[C@@H]([C@H](O)CCCCC)C(=O)O[C@H](C)[C@@H](O)/C=C/C=C/C=C/1,1.5783853477337315,1.8880000000000006
C3079,c1(Cl)ccc(CCC2c3c(cc(OC)c(OC)c3)CCN2C)cc1,4.251912502690924,4.456899999999999
C3080,c1(CCCOC(=O)c2c(O)cccc2)ccccc1,3.0592677590469344,3.1818
C3082,c1cc2c(cc1)CC1=C(C=CCC1)C=CC2O,3.3643857367083907,3.478899999999999
C3098,c12ccccc1c1cccc(OC)c1n2CCC[NH+](C)C.O=C([O-])C(=O)O,0.17928768957021596,0.15860000000000002
C31,N#C[C@H](OC([C@@H]1[C@@H](/C=C(/C(F)(F)F)Cl)C1(C)C)=O)c1cccc(Oc2ccccc2)c1,6.091144409313975,6.54398
C3112,OC1(c2ccccc2)CCN(CC(N(c2ccccc2)C(c2occc2)=O)C)CC1.Cl,4.596368997655114,5.0384
C3137,c1cccc(C2(c3ccccc3)C(CCN3CCOCC3)CN(CC)C2=O)c1.O.Cl,3.6638864592302824,3.7868000000000004
C3142,c1c(OC)ccc(C(C(N)=O)N(CCCC)CCCC)c1,3.5894252691497956,3.824099999999999
C3146,c1cc2c(cc1)C(c1ccccc1)(CCCNC)CC2C.Cl,5.321198973116819,5.6724000000000006
C3147,C(Cl)(COC(=O)OCC(Cl)(Cl)Cl)(Cl)Cl,3.4423068430951793,3.879999999999999
C3162,c12cc3c(n(CC)cc(C(=O)O)c3=O)cc1OCO2,1.3109184650284034,1.4483000000000004
C3184,c12ccccc1Sc1c(cccc1)C2CC1CCCN(C)C1,4.83593797198341,4.9529
C3199,OC(/C=C/C(O)=O)=O.C1CCCCCC1(Cc1ccccc1)OCCCN(C)C,3.7546667632060835,4.0021999999999975
C3214,C12(CC(C)N(C)C)CC3CC(CC(N(C)C)C)(C1)CC(C2)C3.Cl.Cl,5.488044635881612,5.8574
C3226,c1cc2c(cc1)C(=NO)c1ccccc1-2,2.843937658402498,2.8936000000000006
C3233,[Na+].C(CCCCCCCCCCCCCCC)OS(=O)([O-])=O,5.712740225437852,6.025299999999999
C3238,CS(=O)(=O)O.C1NC(CN(c2cccc(O)c2)c2ccc(C)cc2)=NC1,2.9134895202077913,3.1896
C3259,C1Cc2ccccc2N(CC(C)CN(C)C)c2ccccc21,3.805274662917164,4.186000000000001
C3260,c1(NC(=O)NS(=O)(=O)c2c(Cl)nc3n2cccc3)nc(OC)cc(OC)n1,2.649044937871074,2.849999999999999
C3261,C1N(CCc2ccccc2)[C@H]2[C@@H]3CCCC[C@]3(C1)c1c(ccc(O)c1)C2.Cl,5.176605614642859,5.4332
C3294,C(C)C(c1c(O)ccc(C(C)CC)c1)C,3.9799112059806543,4.419199999999999
C3301,c1cc(C)c(N(CCCl)CCCl)cc1C(=O)[O-].[Na+],1.5330671559612643,1.6424999999999998
C3303,C1C[NH+](CCC(c2ccccc2)(c2ccccc2)C(OC(C)=O)CC)CCO1.[Cl-],1.0759807215391128,1.1928
C3316,C1CCN(CCC23CC4CC(C2)CC(C3)C4)CC1.Cl,4.660628544029464,4.8187
C3325,C(=[NH+]/OCCOC(=O)c1cccc(OC)c1OCCCC)\CCC.[Cl-],-0.9571713614382652,-1.082
C335,OC([C@@H](C)c1cc(F)c(-c2ccccc2)cc1)=O,3.40523271291211,3.6808
C3354,Brc1ccc(C(OCCCN2C(C)CCCC2)=O)cc1,3.636916680079613,3.808300000000001
C3365,C1CCCCC1C(CCN(C)C)c1ccccc1.Cl,4.728425296052476,5.1042000000000005
C3377,C(N(CC)CC)COC(N(c1ccccc1)c1ccccc1)=O.Cl,4.391494320551327,5.105099999999999
C3381,c1cc(OC)ccc1C=CC(c1ccc(OC)cc1OC)=O,3.3215232893694386,3.6085000000000016
C3387,c1cccc2c1C(=O)N(CCCN(C)C)c1ccccc1N2,3.026268814092809,2.9967000000000006
C339,c1(OC(C)=O)c(C(C)(C)C)cc([N+](=O)[O-])c(C)c1[N+](=O)[O-],3.8835288992892614,4.0806000000000004
C3399,O(C)c1c(OC)c2c(=O)cc(-c3ccc(OC)cc3)oc2c(OC)c1OC,3.304339977707878,3.5029999999999992
C34,c12c(cccc1)-c1cc3ccccc3cc1C2,4.257786365418174,4.4110000000000005
C3406,c1(I)ccc(OCCCCCCN2CSCC2)nc1.Cl,4.249613468061783,4.3716
C3414,C1=C[C@@]2(C)C(=CC1=O)[C@@H](F)C[C@H]1[C@H]3[C@](C)(C[C@H](O)[C@]21F)[C@@]1(C(=O)CO)[C@@H](C3)OC(C)(C)O1,2.3040596947300744,2.3667999999999996
C3418,c1cc(CCC2[NH+](C)CCc3c(O)c(OC)ccc32)ccc1Cl.C(C([O-])=O)(=O)O,1.9483725932276776,2.189
C342,C(N(C)C)CC=C1c2c(cccc2)CCc2ccccc21,4.0083301432433585,4.1686
C3435,CCCCC(C)C,2.715043254010535,2.8326
C344,c1(/N=N/c2ccccc2)ccccc1,3.7819202600329493,4.102
C3453,c1ccc2c(c1Cl)nc1ccccc1c2N,3.9682769246203047,4.2048000000000005
C3456,C(CCCCCCC)C(NCc1ccc(O)c(OC)c1)=O,3.968793557425228,4.1585
C346,CCCCCCC=C,2.9803496162880063,3.1428000000000003
C3469,c1(N2CCN(CCC(=O)/C=C/c3cc(OC)c(OC)c(OC)c3)CC2)ccccc1Cl.O.Cl,4.665200372806649,4.901000000000002
C3487,C1[NH+](CCOC(c2cccc(OC)c2OCC)=O)CCCC1.[Cl-],-0.027844183212818906,-0.1073
C3504,c1(C(C2CCCCC2)(CCN(CC)CC)O)ccccc1.Cl,4.728724729783861,4.988400000000001
C3507,O=C(CCN1CCCCC1)c1ccc(OCCCCC)cc1.Cl,4.7887686114028964,5.054200000000001
C3513,c1(CCC(O)=O)nc(-c2ccccc2)c(-c2ccccc2)o1,3.7463846711892246,4.0258
C3521,O[C@H]1[C@@H](N)C[C@H](O[C@@H]2c3c(O)c4c(c(O)c3C[C@](C(=O)C)(O)C2)C(=O)c2c(c(O)ccc2)C4=O)O[C@H]1C,1.396432148431557,1.4262000000000001
C3526,c1c2c(cc(O)c1)[C@@]13CCCC[C@H]1[C@H](N(Cc1ccccc1)CC3)C2.Br,5.219168449405659,5.546799999999998
C3545,CCCOc1ccc2nc(NC(OC)=O)[nH]c2c1,2.364538474505046,2.6029999999999998
C3552,O=c1c2c(O)cc(OC)cc2occ1-c1ccc(O)cc1,2.771048353723989,2.8798000000000004
C3555,c1(-c2ccccc2)nc2cc(CCC(=O)O)ccc2s1,3.7223493975218513,3.9805000000000006
C3577,C(C)C(N1CC2CCC(N2C/C=C/c2ccc(OCC)cc2)C1)=O,2.853097255612011,3.0595
C3587,c1(-c2cc(O)c(O)c(O)c2)c(O)cc2c(cc(O)cc2O)[o+]1.[Cl-],-0.3074764688092865,-0.3815000000000001
C3594,c1c(CC(O)=O)cc2nc(-c3ccc(Cl)cc3)sc2c1,3.999237182060147,4.2438
C3597,C1(CC(=O)O)(CC)c2[nH]c3c(CC)cccc3c2CCO1,3.1803522353983746,3.382999999999999
C360,c1ccc2c(c1)sc1ccccc21,3.762254386873251,4.054500000000001
C3613,C(CCCCCCCCCCCC)NCCSS(O)(=O)=O,5.641966277960929,5.8947
C3616,C1[C@H](C)C2=CC(=O)C=C[C@]2(C)[C@@H]2[C@@H]1[C@H]1[C@](C)(C[C@@H]2O)[C@@](O)(C(=O)COC(C)=O)CC1,2.2437530240384524,2.3744
C3645,N1CCN=C(c2ccccc2)c2cc(Cl)ccc21,3.0060936922021733,3.1764999999999994
C3651,C1CC2CN(C(c3ccccc3Cl)c3ccccc3)CC1N2C,3.8476452119200775,4.083599999999999
C3664,c1(C(NS(=O)(=O)c2ccc(N)cc2)=O)ccc(C)c(C)c1,3.814565211048558,4.0572
C3668,C1(c2ccccc2)=NCc2nnc(C)n2-c2c1cc(Cl)cc2,2.8919358628089835,3.0157
C3672,N1(c2ccccc2)C(=O)/C(=C/Nc2ccccc2)C(C)=N1,2.9437836118584286,2.978700000000001
C3691,n1c2c(c(N)nc1N1CCN(C(=O)C3Oc4ccccc4OC3)CC1)cc(OC)c(OC)c2.O=S(=O)(O)C,2.9129020655954516,2.8867000000000003
C3731,C12CCc3ccccc3N1CCN(CC(COc1ccc(Cl)cc1)O)C2.Cl,3.833159956578365,4.021600000000001
C3736,C(CCOCCN(CCCC)CCCC)OC(=O)c1ccc(N)cc1,4.148748597034298,4.3157
C3743,c12c(cccc1)C(C(=O)OCC[N+](CC)(CC)C)c1c(cccc1)O2.[Cl-],0.9805492388330285,0.9578
C3747,c12ccccc1COc1ccccc1C21OC(CNC)CO1.C(=C\C(O)=O)\C(O)=O,2.3477012535227395,2.5176
C3766,C1CN(c2ccccc2)CCN1CC(COc1ccc(C(CC)=O)cc1)OC(=O)C,3.170620130119738,3.4149000000000003
C3770,C1CN(c2ccc(OC)cc2)CCN1CCC(/C=C/c1cc(OC)c(OC)c(OC)c1)O.Cl.Cl,4.6921213163808355,4.914299999999999
C3792,C(CCCN1CCN(c2ncccn2)CC1)N1C(=O)CC2(CCCC2)CC1=O,1.8288631561026192,2.028999999999999
C3797,C(CCC)C1C(=O)N(c2ccccc2)N(c2ccccc2)C1=O.C1CNCCN1,3.59811584745048,3.7546
C3798,Cc1nc(C(=O)OC)cc2c3ccccc3[nH]c12,2.6326122898063007,2.8110999999999993
C3813,N(C)(C(CCC12CC3CC(CC(C1)C3)C2)C)C.Cl,4.516526249407857,4.735099999999999
C3816,O=C(OC(C)C)C1=C(C)NC(C)=C(C(OCCOC)=O)C1c1cc([N+](=O)[O-])ccc1,3.506381910636653,3.8228
C3828,c1cccc(C2=NC(OC(=O)CCC(O)=O)C(=O)Nc3ccc(Cl)cc32)c1,2.350955120180936,2.4372000000000003
C3837,C1C2CN(C/C=C/c3cccc([N+](=O)[O-])c3)CC(C1)N2C(=O)CC,2.945268468661934,3.092200000000001
C3849,[Cl-].O1C(=O)C(C2CCCCC2)(CC[NH+](CC)CC)c2ccccc21,-0.04829190094570329,-0.2575
C3850,C1CN2c3ccccc3CCC2CN1CCC(=O)Cc1ccc(F)cc1.Cl.Cl,4.8860729696371665,5.071300000000001
C3860,N(CCNc1nc(NCCN(CC)CC)nc(NCCN(CC)CC)n1)(CC)CC.Cl.Cl.Cl,4.46584935596678,4.7577
C3868,c1([N+]([O-])=O)ccc(/C=N/NC(=O)CN(CCCC)CCCC)o1,3.3091371261183773,3.4542
C3872,C(C)[NH+](CCOC(C1(O)c2c(cccc2)-c2ccccc21)=O)CC.[Cl-],-1.178167133373453,-1.6252
C389,C(#C)CCCCCCC,2.8906458563695456,2.9801
C3890,Cl.O(c1ncc(Br)cc1)CCCCCCNCCS,4.374707537894505,4.4956
C3891,C1(c2ccc(OC(C(=O)O)(C)C)cc2)CC1(Cl)Cl,3.2292283275787708,3.5898
C3892,c1cc(/C(C)=C(\C(NCCCC)=O)C)ccc1,3.571438189718362,3.787200000000001
C3901,C1CC[NH+](CC2C(=O)c3cc(CC)ccc3CC2)CC1.[Cl-],0.8108568631521298,0.6361
C392,C(C(Cl)=C(Cl)Cl)=C(Cl)Cl,3.9824187715631707,4.1909
C3930,C(OCC(COC(c1cnccc1)=O)(COC(=O)c1cccnc1)COC(=O)c1cccnc1)(=O)c1cccnc1,2.7861883376162986,2.9808
C3940,C(CCC)C(C(N(c1ccccc1)Nc1ccccc1)=O)C(=O)O,3.697456439584941,4.010699999999997
C3962,c1cc(Br)cc(NC(=O)OC2CCCN(CC)C2)c1,3.286582484027408,3.4927999999999995
C3964,[C@H]1(OC(=O)C)[C@](O)(C(=O)COC(C)=O)[C@@]2(C)C[C@H](O)[C@@]3(F)[C@H]([C@@H]2C1)CCC1=CC(=O)C=C[C@@]13C,1.7060122227063992,1.7620999999999998
C398,Cc1ccc(S(=O)(=O)NC(NC2CCCCC2)=O)cc1,3.8505315555737996,4.178200000000001
C3986,N1(CCCSCCCCCCCC)CSCC1.Cl,5.105541789614548,5.2164
C3987,C1CSCN1CCCCSCCCCCCC.Cl,5.1393561352144115,5.216399999999999
C3996,S(c1ccccc1)(CCC1C(=O)N(c2ccccc2)N(c2ccccc2)C1=O)=O,4.408253696393152,4.791200000000001
C400,O=S(=O)(NCCSP(OC(C)C)(OC(C)C)=S)c1ccccc1,5.351519344075816,5.894900000000001
C4001,c1(OCC(CO)O)c(Br)cccc1CCC,2.1207397896279674,2.1336
C4007,C1[C@](c2ccccc2)(C(OC)=O)c2c(cccc2)C([NH+](C)C)C1.[Cl-],-0.6424907293790295,-0.8708999999999999
C4017,[C@H](CN(c1c(I)c(N([C@@H](O)CO)C(=O)C)c(I)c(C(NC(CO)CO)=O)c1I)C(=O)C)(O)CO,-0.4919192482944701,-0.6559999999999999
C402,CCc1cccc(CC)c1N(COCCCC)C(CCl)=O,3.880815415547754,4.1574
C4021,Brc1cnc(SCCCCCN2CSCC2)cc1.Cl,4.728433193081369,4.8527000000000005
C4028,Cl.c1(/C=C/C(=O)CCN2CCN(Cc3cc(C)ccc3)CC2)cc(OC)c(OC)c(OC)c1.Cl,5.165854017970403,5.290799999999999
C4030,C(C)C(=O)OC1(c2sccc2)CCN(CCCC)CC1.Cl,4.281055366493335,4.532399999999999
C4063,c1(C(=N)N)ccc(OCCCCCOc2ccc(C(N)=N)cc2)cc1,4.308517212205785,4.4829
C4071,c1(C)cc(NC(=O)C2=C(O)c3ccccc3S(=O)(=O)N2C)no1,2.3629545234409415,2.5741
C4077,c1(N)nc2c(c(Br)cc(Br)c2)o1,3.3125260404252677,3.5161999999999995
C4151,C(c1ccccc1)(c1ccccc1)(O)CCN1CCCCC1.Cl,4.28282095428932,4.5384
C4219,C1c2c(cccc2)C(c2ccccc2)(CCC[NH2+]C)OC1.[Cl-],-0.25851590617114995,-0.5197
C4259,C1Oc2cc(Cc3cnc(NCCSCc4nc[nH]c4C)[nH]c3=O)ccc2O1,2.541527007040983,2.5391999999999997
C4266,c1(C(CCCC)OC(=O)CCC(O)=O)ccccc1,2.9927903613628315,3.3259000000000003
C4267,N1(c2cccc(C(F)(F)F)c2)CCN(CC(O)COc2ccccc2C(C)=O)CC1,3.2837929847151353,3.4728000000000008
C4269,n1c2cc(C(C)C(O)=O)ccc2oc1-c1cccc(F)c1,3.5210507846030317,3.8220000000000005
C428,O=C1C(C(C(C)(C)C)=O)C(=O)c2c1cccc2,2.2648354692274797,2.2969999999999997
C4282,CC(c1cc(OP(OC)(=O)OC)ccc1[N+]([O-])=O)C,3.6853119680751343,4.021099999999999
C4283,c1cccc2c1C(=CCCNC)c1ccccc1CC2.Cl,4.863287649629608,5.0192999999999985
C429,CCSCSP(=S)(OCC)OCC,4.027211389542055,4.3783
C4290,c1(OC)c(OCC[NH+](CCCl)CCOc2c(OC)cccc2)cccc1.[Cl-],-0.3370569237614147,-0.7107
C4309,c1c(OCCCC)c(C)cc(/C=C/C(=O)NO)c1,2.919566627511624,3.0834
C4335,O=[N+](O)[O-].c1(CC2=NCCN2)c2c(ccc1)cccc2,2.2111660244132945,2.3239
C4372,C1[N+](CCCCCOc2ncc(Br)cc2)(C)CCS1.[Cl-],0.6669954594282568,0.5069
C4377,c1ccc(N2CCC(N(CCc3ccccc3)C)C2=O)cc1.Cl.O,3.6094016117443295,3.7691
C4413,Cl.c1ccc2c(c1)Sc1c(cccc1)N2C(CCN1CCN(CCO)CC1)=O.Cl,4.156347418290834,4.3607000000000005
C4420,C1C2(C(CBr)=O)CC3CC(CC1C3)C2,3.218046067133361,3.1668
C4424,[N+]([O-])(=O)c1cc([N+]([O-])=O)ccc1Oc1ccccc1,4.027501439065191,4.3417
C4437,C1CC2=CC(=O)C=C[C@]2(C)[C@@]2(F)[C@@H](O)C[C@@]3(C)[C@@H](C[C@H](C)[C@]3(O)C(=O)CO)[C@H]12,1.8581088190450892,1.8957000000000002
C4439,O(C)c1c(OC)c(OC)cc(/C=C/C(=O)CCN2CCN(c3ccccc3)CC2)c1.Cl.O,4.054018505582585,4.247600000000001
C4463,c1cc2c(cc1)CCC(CN1CCN(c3ccccc3)CC1)N2,3.145823590700538,3.3764000000000003
C4466,c1ccc(C2(OC(=O)CCC)CCN(CCCC)CC2)cn1.Cl.Cl,4.7718551189843375,5.057999999999999
C4467,O=C(Cc1cc(Cl)c(OCc2ccccc2)cc1)O,3.3239178665394697,3.5461
C4489,c1(C(CC)(CCN2CCCCC2)C(N)=O)ccccc1,3.1708997762284645,3.3339
C4497,O(CCNc1ccc(Cl)cc1C(=O)N)CCCC,3.1927632408663023,3.4408
C453,C(Nc1nc(SC)nc(NC(C)(C)C)n1)C,2.183799597665941,2.3817
C4535,Oc1c(C(C)C)cc(C(C)C)cc1,3.2963796791353985,3.6389999999999993
C455,O=C1C=C2[C@@](C)([C@@H]3[C@@H](CC2)[C@@H]2CC[C@](O)(C)[C@@]2(C)CC3)CC1,4.068537352698523,4.2692999999999985
C4557,BrC1C2CCC(C)(C2(C)C)C1=O,2.744303760174928,2.7750999999999997
C4563,S(SCCNCCCNc1ccc(C(=O)OCC)cc1)(=O)(=O)O,3.209819955366733,3.3356
C4572,c1(OCC(CN(CC)CC)O)c(C(C)C)ccc(C)c1C(=O)OC,2.8492050298666634,2.986500000000001
C4579,N(CC)(CC)C(=O)N1CCN(CC(NN=Cc2oc([N+]([O-])=O)cc2)=O)CC1,1.381824953130519,1.5071999999999997
C4601,C1(C)CCCC(C(CC)CNC(CSS(=O)(=O)O)C)C1,4.625499075420575,4.824700000000001
C4614,O=C(/C(C)=C(\c1ccccc1)C)NCCC,3.2029416958198156,3.3970999999999996
C4627,C1CC(c2ccccc2)(C(=O)OCCN(CC)CC)CC1.Cl,3.9596954528315593,4.1854
C4638,c1ccc(P(=O)(c2ccccc2)c2ccccc2)cc1,3.60585185904988,3.326
C4646,CCN(CCN1[C@@H]2Cc3ccc(O)cc3[C@@]3(CC1)CCCC[C@H]32)CC.Cl,4.462816916221739,4.532299999999999
C4660,C(CNC(=O)OCC(COC(=O)N)(C)C(CC)C)C,3.1382514632545617,3.3615000000000004
C4672,NC(OCC(c1ccccc1)(COC(NCCC)=O)C)=O,3.1145083174100803,3.2670000000000003
C4673,S(c1nc2ccc(OC)cc2[nH]1)(Cc1ncc(C)c(OC)c1C)=O,3.4638660032898954,3.7654000000000005
C4675,C1C(NCc2cc(Br)cc(Br)c2N)CCC(O)C1,3.95559281224813,4.159000000000001
C4679,C[C@@]12[C@H]3[C@@H](O)C[C@@]4(C)[C@H]([C@@H]3C[C@H](C)C1=CC(=O)CC2)CC[C@@H]4C(=O)C,3.7071571331665862,3.940300000000001
C468,CN1C(=O)c2c(ccc(C)c2)Oc2ccc(N)cc21,3.152508986064534,3.6057
C4696,c1cc(NC(=S)Nc2ccccc2)ccc1,3.415415535685671,3.6415
C4716,C1(=O)C(c2ccccc2)C(=O)NN1c1ccccc1,2.197629174675681,2.242
C4724,CCc1sc2c(c1)=C(c1c(Cl)cccc1)NCC(=O)N=2,1.813672733935031,1.6342
C4738,C(C#N)(C#N)=NNc1cc(Cl)ccc1,2.155125213706943,2.2280599999999997
C4746,[NH+](/C(N)=N/C(=N/c1ccc(Cl)cc1)N)(C(C)C)C.C(C)([O-])=O,0.7177437535261249,0.6808000000000001
C4764,c1(C2(CC[NH+]3CCCCC3)C(=O)Oc3c2cccc3)ccccc1.[Cl-],1.150939559624999,0.9238
C478,C1CCCC(C)C1,2.507050309587999,2.5866000000000002
C4795,c1cc(Cl)ccc1OC(C)(C)C(=O)OCC,2.880798903152128,3.0605000000000007
C4801,c1c(C(S/C(CCOP(O)(=O)O)=C(/C)N(C=O)Cc2c(N)nc(C)nc2)=O)cccc1,3.3814247059184126,3.8472
C4824,O1CCN(CCC(c2ccccc2)(c2ccccc2)C(CC)=O)CC1,3.4524994906861735,3.6119999999999997
C4825,CN(C)C1=Nc2ccc(C(F)(F)F)cc2N(c2ccccc2)C(=O)C1,3.535456355996053,3.8660000000000005
C4826,C1CCCN(C2C(=O)N(C)/C(=C\C(OCC)=O)S2)C1,1.4718989702815641,1.2839
C4829,c1ccccc1C(c1ccccc1C)=CCN(C)C.Cl,4.538359902089857,4.7903
C4859,c1cc(CCC(C)=O)cc2ccc(OC)cc12,3.191355597356362,3.3700000000000006
C4863,[N+]([O-])(=O)/C(=C/c1cnc([N+]([O-])=O)n1C)CCCC,2.8667713274255053,3.1825000000000006
C4870,C1CN(CCCCCCCC)C(=O)C1,2.8715161576905257,2.9072000000000005
C4871,C1C2C(C)C(CC)(CCN2CC=C)c2cc(O)ccc21,3.41159097411936,3.4304000000000006
C4888,c1cccc(C(c2ccc(Cl)cc2)=CCNC)c1.Cl,4.900528366943676,5.183999999999999
C4894,C(N(CCOC(c1c(OCCCC)c(N)ccc1)=O)CC)C,3.3584963408087023,3.5275000000000007
C4907,C(F)(F)(F)S(Nc1ccccc1)(=O)=O,2.9350916548014734,3.1019
C4911,O=C(c1c(C(O)=O)cccc1)Cc1ccccc1,2.6287731840489434,2.8101999999999996
C4922,O=C1NC(=S)N=C([O-])C1(CC)[C@H](CCC)C.[Na+],1.653787516053025,1.8271
C4927,c1(C2(CCC[NH+](C)C)[NH+](C)Cc3c2cccc3)ccccc1.[Cl-].[Cl-],-3.180201545913615,-3.539600000000001
C4950,OP(O)(=O)O.C1C[C@]23[C@H]([C@H](N(C)CC2)Cc2ccccc23)CC1,2.315960662878896,2.3841000000000006
C4955,O=C(c1c2c(cccc2)cc2ccccc12)O,3.347012465391558,3.6912
C4956,C(=O)(N[C@@H]1[C@@H](OC(=O)C)[C@H](OC(C)=O)[C@@H](C)O[C@@H]1OC(C)=O)N(CCCl)N=O,0.6352106158351092,0.849
C4958,n1(C)c2c(c3ccccc13)cc[n+](CCC[N+]1(C)CCCC1)c2C.[Br-].[Br-],-2.1549392851250833,-2.4753
C4968,C1CCCCN1CN1C(=O)NC(=O)C(CC)(c2ccccc2)C1=O,1.9633536073474105,2.0608
C4976,c1cccc([C@@H]2CC[C@@H](NC)c3c2cccc3)c1.Cl,4.652292546690161,5.065699999999998
C4977,c1cccc([C@@H]2CC[C@H](NC)c3c2cccc3)c1.Cl,4.678030446473566,5.065699999999998
C4978,O=C1[C@@H](NC(=O)[C@H](NC(=O)N2C(=O)C(=O)N(CC)CC2)c2ccccc2)[C@H]2SC(C)(C)[C@H](C(=O)O)N12,0.5627537100368983,0.3552
C4980,C1(c2cc(OC)c(OC)cc2)CCC2CCCCN2C1,3.1860739454495857,3.3736
C4986,C(C(N(CC)CC)C(=O)Nc1c(C)cccc1C)C.Cl,4.006924082067687,4.2373
C4999,Cc1cc(C)cc(OCC2CNC(=O)O2)c1,1.8220710094257149,2.1193999999999997
C500,c1cc2ccccc2cc1C,2.984013925444615,3.1482000000000006
C5007,C(=O)(NC(CCC(=O)O)C(=O)N(CCC)CCC)c1ccccc1,2.626520094308159,2.6893000000000002
C5008,C(CCCCCCCNCCSS(=O)(=O)O)CCC,4.883279854015968,5.114499999999999
C5015,C(CCCCCCCN)CCCC,4.3340386510273285,4.5663
C5049,c12c(OCC(O)COc3c4c(oc(C(O)=O)cc4=O)ccc3)cccc1oc(C(=O)O)cc2=O,1.9384818966511745,2.1145000000000014
C5054,C(C)N(CC)C(C)C(=O)Nc1c(C)cccc1C,2.9364593752125163,3.0452
C5078,C(NC1Cc2c(OC)c(OC)c(OC)cc2CCC1)(OC)=O,2.632772550633956,2.7067
C5085,C(N1CSCC1)CCSc1ncc(Cl)cc1Cl.Cl,4.502496101492537,4.6168000000000005
C5103,c1cc(-c2ccc(C(C)=O)cc2)ccc1,3.313192481019025,3.556200000000001
C5112,O=C(C(CC)c1ccccc1)OCCN(CC)CC.Cl,3.6498927754117862,3.8672
C5127,ClC1C(c2c(Cl)cc(Cl)cc2)(C(=O)N)O1,2.820571309847824,2.9694000000000007
C5154,C(CC12CC3CC(C1)CC(C2)C3)C/N=C(/N)CS.Cl,4.5961758256479595,4.7723
C5176,c1cc(C)c(NC(c2ccc[nH]c2=O)=O)c(C)c1,2.2947955521894996,2.3169999999999997
C5189,C(C(=O)c1ccc(Cl)cc1)Br,2.818190968980958,2.9176
C5201,O=c1n(C)c(C)c(Br)c(=O)n1C1CCCC1,1.6179056350481715,1.7329999999999999
C521,n1c2c(=O)[nH]c(=O)nc-2n(C[C@H]([C@@H](O)[C@@H](O)CO)O)c2c1cc(C)c(C)c2,-1.4311246551718675,-1.6751999999999994
C5223,N(c1ccccc1)(C(CC)=O)C1CCN(CCc2ccccc2)CC1,3.7769828605431224,4.0746
C5265,c1c2c(ccc1)c(C(O)=O)cc(-c1ccccc1)n2,3.306849282254225,3.5999999999999996
C5268,C(C(C)NC(=O)C)(CCC)CCC,2.990655187056873,3.1183000000000005
C5284,O=C(c1ccccc1)C(c1ccccc1)CN1CCC1.OC(=O)/C=C/C(O)=O,2.7743719768760937,3.0084999999999997
C5285,c1cccc(N(c2ccccc2)C(=O)SCCN(CC)CC)c1,4.2980972647093765,5.0197
C530,c1cnc2c(c1)C(=O)N(C)c1ccccc1O2,2.1566347583713923,2.5288999999999993
C5307,c1ccccc1N1CCN(CC(COc2ccc(C(C)=O)cc2C)O)CC1,2.68038008792198,2.7624
C531,c1c(C(C)(C)C)cccc1,2.8912796175994244,2.9841000000000006
C5314,C(C(F)(F)F)(N1CC=Cc2ccccc21)=O,2.6559082813626933,2.6736999999999997
C5335,c1cc(OCCCCNCCS)ncc1Br.Cl,3.6165629826619954,3.7154000000000007
C5336,c1(Sc2cc(NC(=O)COC)c(N/C(NC(=O)OC)=N\C(=O)OC)cc2)ccccc1,3.2889854600592954,3.8498999999999994
C5341,O=S(SC/C(=N/CCCc1c2c(cccc2)[nH]c1)N)(O)=O,3.673569621109806,3.7748
C5345,[C@@H]1(O[C@@H]2O[C@@H](C)[C@H](O)[C@@H](OC)[C@@H]2O)C[C@H]2CC[C@H]3[C@]4(O)[C@](C)(CC[C@@H]3[C@@]2(C=O)CC1)[C@@H](C1=CC(=O)OC1)CC4,2.191688113839007,2.2892
C5364,CC(OCC(CC)(COC(=O)C)CC)=O,1.7599612515378704,1.9189999999999996
C5369,CCN(CC)CCSC(=O)C(c1ccccc1)c1ccccc1.Cl,4.999183803528439,5.222100000000001
C537,C(C)OP(Oc1nc(Cl)n(C(C)C)n1)(OCC)=S,3.3731746331096355,3.8393
C5370,c12nccc([C@H]([C@H]3N4C[C@H](C=C)[C@H](C3)CC4)O)c1cccc2.O=S(O)(=O)O.c1cc([C@H]([C@H]2N3CC[C@H]([C@@H](C=C)C3)C2)O)c2ccccc2n1,6.429352362131651,6.632999999999998
C5375,O=C(OCC(CC)(CC)COC(NC(C)C)=O)N,2.8923952501575934,3.1139
C5377,C(OCCCN(CC)CC)(=O)/C=C/c1ccccc1,2.9042441867771522,2.9749
C5387,c1(C(=O)O)c(C)cc(C)c(C)c1,2.1742494593752353,2.3100000000000005
C5389,C1CCN(CC(Nc2ccccc2)=O)CC1,2.133410712527825,2.1218999999999997
C5415,[nH]1cncc1[C@H](O[C@@H]1O[C@@H](CO)[C@@H](O)[C@H](O)[C@@H]1O[C@H]1O[C@H](CO)[C@@H](O)[C@H](OC(=O)N)[C@@H]1O)[C@@H](C(=O)N[C@H](C)[C@H]([C@H](C)C(N[C@H](C(NCCc1nc(-c2scc(C(=O)NCCC[S+](C)C)n2)cs1)=O)[C@H](O)C)=O)O)NC(=O)c1c(C)c(N)nc([C@H](CC(=O)N)NC[C@@H](C(=O)N)N)n1.[Cl-],0.14213155215279313,-4.9718
C543,c1(Br)ccc(Cl)cc1,2.9524257641179044,3.1025
C5438,Cc1c(O)c(C)cc(Br)c1,2.6337629737053354,2.7715
C5445,c1c2c(nc(Cl)c1)C(c1c(Cl)cccc1)=NC(O)C(=O)N2,2.154615792290572,2.0699
C5450,FC(C(C(F)Cl)(F)F)F,2.3736368654477262,2.4212
C5460,O(C(=O)C)c1cc(CC(NC(C)C)OC(C)=O)cc(OC(C)=O)c1,2.3784335209601974,2.3577999999999997
C5478,c1cc(OCC[NH+](CCCl)CC)ccc1C.[Cl-],-1.1761584005045151,-1.4786
C5480,Clc1cc(/C=C/C(=O)NO)ccc1OCC,2.577590285295728,2.6482
C5487,C1CCC[C@H]2[C@]13c1cc(OC)ccc1C(O)[C@@H]2N(C)CC3.Cl,3.3402686765166685,3.6142000000000003
C5496,C(CC(COC(=O)NCC=C)(C)COC(=O)N)C,2.7274906327035415,2.8914999999999997
C5498,C(C(C)CC)(COC(=O)N(C)C)(COC(N)=O)C,2.3631209817152183,2.5326
C5499,N(=C(/CSS(O)(=O)=O)N)\CCCCOc1ccccc1,3.349861249185016,3.519900000000001
C5505,s1c2c(NC(C)=O)c(=O)n(C)c-2cs1,1.5826261323618267,1.6445000000000003
C5508,C1CCC[C@@]23[C@@H]1[C@@H](Cc1ccc(O)cc12)N(CC)CC3.Br,4.1961034981967815,4.3665
C5516,c12ccccn1cc(-c1ccc(S(=O)(C)=O)cc1)n2.Cl,4.061311132352424,4.2876
C5528,O(c1ccc(CN(c2sccn2)CCN(C)C)cc1)C.Cl,3.3000304482403364,3.5219
C5529,S=C1OC(COc2ccccc2)CCN1,1.991318693479885,2.0576000000000003
C5536,[NH+](CC)(CC)CCN1c2c(ccc(C)c2)OC(C)C1=O.[Cl-],-1.664480347973496,-1.8973999999999993
C5542,C(N1CCSC1)CCCOc1ncc(Br)cc1.Cl,3.633753344842406,3.7493000000000003
C555,N1(NC(c2cc(S(N)(=O)=O)c(Cl)cc2)=O)c2c(cccc2)C[C@H]1C,4.1534121362642145,4.320400000000001
C5559,C(C)(COC(=O)N)(CCCC)COC(NCC#C)=O,2.6052976077075747,2.7288000000000014
C5588,c1ccc(C(O)(C(=O)OCC[NH+]2CCCC2)c2ccccc2)cc1.[Cl-],-0.011454086905817886,-0.28240000000000015
C563,Brc1cccc(Br)c1,3.019566202274314,3.2116
C5640,N(C)(CCCC1(c2ccccc2)OC(=O)c2c1cccc2)C.Cl,3.9692760519020824,4.2444
C565,C(c1ccc(NC(=O)N(C)C)cc1)(C)C,2.6637224366265024,2.9765
C5663,O(CC(C)C)C(c1ccc(O)cc1)=O,2.165896686736574,2.205
C5666,c1(OC)ccc(CC(c2ccc(OC)cc2)N)cc1,3.2968611029121324,3.6466000000000007
C5670,NCC(O)c1cc2c(c3c(cc2)cccc3)cc1.Cl,4.083440475555361,4.487400000000002
C5688,C(CCCNCCSS(=O)(=O)O)Oc1nc2ccccc2c(C)c1,4.119836426886088,4.299499999999999
C5695,C(C)c1nc(NCC)nc(OC)n1,1.0383046685714121,0.9474000000000006
C570,CN(OC)C(=O)Nc1cc(Cl)c(Cl)cc1,2.948009158725297,3.0914999999999995
C5702,C(CNCCS)CCCOc1nccc(C)c1.Cl,3.5446972369525183,3.6513999999999993
C5710,c1cc2c(cc1)[nH]c1cc(=O)ccc-1c2N,2.744889009789233,2.8447
C5719,c1(Cl)cc2c(oc(=N)n2C)cc1,2.0417737884257967,2.0039
C5756,C(CCC1(CCCC)C(=O)NC(=O)NC1=O)C,2.2824726391108916,2.3768
C5757,c1c(OCC(CN2CCN(c3cccc(OC)c3)CC2)O)cc(C(=O)C)cc1,2.4157483907407737,2.4625999999999992
C5761,O=C(C)OCCn1c2nc(=O)[nH]c(=O)c-2nc2cc(C)c(C)cc21,0.6198779977068405,0.8129000000000001
C5792,c1(C(Cc2occc2)C(=O)N)cccc2ccccc12,3.644688193062811,3.9447
C5802,O=C(c1c(O)cccc1)Nc1ccc(O)cc1,2.2862810854677713,2.4231000000000007
C5806,O=C(C1=C(O)[C@@]2(O)C(=O)C3=C(O)c4c(O)cccc4[C@H](C)[C@H]3[C@H](O)[C@H]2[C@H](N(C)C)C1=O)N,0.1456155549445222,0.1961
C5810,c1(=O)oc2ccc(Cl)cc2n1COC(CCC(O)=O)=O,1.4694989866534147,1.6134
C5813,C1CC(CNCC(COc2ccccc2)O)Nc2c1cccc2.Cl.Cl.O,4.30514518847116,4.511400000000002
C5816,C1(CC)(CC)CC(=O)N(CCN(CC)CC)C(=O)C1.Cl,2.838668788822374,3.0235
C582,c1c(/C=C/C=C\C(N2CCCCC2)=O)cc2c(c1)OCO2,2.772368363994369,2.9351000000000003
C5821,C1C2N(CC=C)CCC3(c4cc(O)ccc41)CCCCC23.OC(C(C(C(=O)O)O)O)=O,1.8514956903064075,1.4519
C5841,c1(OC)cc(S(=O)(=O)CCN(C)Cc2ccccc2)cc(OC)c1OC,3.5075458726741973,3.6989
C5862,n1oc(C)cc1C(=O)NNC(Cc1ccccc1)C,2.4548681306352473,2.630399999999999
C5863,O=C(OC(COC(C)=O)COc1ccccc1)C,1.5045064491463531,1.5602000000000003
C5887,c1(N)c(-c2ccccc2)sc(N)n1,2.930439473068664,3.1368999999999994
C5888,c12c(cccc1)C(=O)N(C(OCC)=O)C2=O,1.3284139046239227,1.377
C5889,C(C)N(CCCC(C)NCC1N2CCC(C1)CC2)CC.OP(O)(=O)O.O=P(O)(O)O.OP(=O)(O)O,0.46361381424565273,0.11379999999999998
C5895,c1cc(-c2n[nH]c(=O)[nH]c2=O)oc1[N+](=O)[O-],0.3189843198310888,0.14960000000000004
C5900,c1c(OCC(=O)NCCN(CC)CC)ccc(OC)c1,1.955256869853292,1.9228999999999998
C5902,C(CO)(O)COc1cc(CCC)ccc1,1.3982140776696057,1.3711
C5910,c1cc(OCCC)ccc1/C=C/C(NO)=O,2.284881853970929,2.3849000000000005
C5923,c1ccccc1C(O)(c1sccc1)C(=O)OC1CCCN(C)C1,2.583617240223866,2.5592999999999986
C5934,c1cc2c(nc(NC)o2)cc1Cl,2.4922407055566267,2.5959
C5942,c1cccc(-c2ccccc2)c1OCC[N+](CC)(C)CC.[I-],1.2410575732329854,1.2228
C5948,c1cc(Cn2c(=O)n(C)c(C)c(N(C)C)c2=O)ccc1,1.039538295439061,0.9696999999999999
C5957,N1(CC(C(c2ccccc2)=O)c2ccccc2)CCN(C)CC1.Cl.Cl,4.116094688041963,4.3803
C5963,c12ccc(C(F)(F)F)cc1N(c1ccccc1)C(=O)CC(N)=N2,3.5138013606818075,3.9634000000000014
C597,C(Cl)(CSC(N(CC)CC)=S)=C,3.068275667429848,3.0988
C5974,CN1C(=O)NC(=O)C(C)(C2=CCCCC2)C1=O,1.412007721433113,1.4680000000000006
C5987,c12nc(N)oc1cc(Br)cc2,2.6220898254045992,2.7537000000000003
C6005,C(CN(CC)CC)(C)(C)C(c1ccccc1)=O.Cl,3.7453073916639448,4.0393
C6007,c1(OC)c(OC)cc(/C=C/C(N2CCN(CC(=O)N3CCCC3)CC2)=O)cc1OC,1.5761071372318032,1.3059000000000003
C6012,C(C(COC(=O)N)COC(N)=O)CCCCC,2.983260416429449,3.1642
C6017,C(NO)(Cc1ccc(C(C)(C)C)cc1)=O,2.4048053300311536,2.4228999999999994
C6039,S(=O)(=O)(O)SC/C(N)=N/CCSCc1ccccc1,3.4759798817742893,3.5940999999999996
C6055,C1(NC(N(CCCl)N=O)=O)CCCC1,2.1998777116439827,2.2517
C6062,c1(Cl)cc2c(cc1S(=O)(=O)N)S(=O)(=O)NC(C(Cl)Cl)N2,3.8472056537981376,4.149699999999999
C6074,N(C)(C(C(Nc1c(C)n(C)n(-c2ccccc2)c1=O)=O)C)C,1.394703511918929,1.4459999999999997
C6086,c1c2c(ccc1Cl)OC(C)C(=O)N2CC([NH+](C)C)C.[Cl-],-1.6770013611581278,-1.9441000000000002
C6096,CN(C(CN1c2ccccc2Sc2ccccc21)C)C.O=c1n(C)c(=O)c2c(nc(Cl)[nH]2)n1C,3.635025193015038,3.9181
C6100,CCC[C@@H](C1(CC=C)C(=O)NC([O-])=NC1=O)C.[Na+],1.0696936687949554,1.1924
C6108,C(c1cccs1)(c1ccccc1)OCC[NH+](C)C.[Cl-],-0.7585228350033081,-0.9974
C6109,O=C(c1c(OCCCC)c(OC)ccc1)OCC[NH+](C)C.[Cl-],-1.5878041778287302,-1.8206
C6116,c1cccc(C2(CC)C(=O)N(C)C(=O)N(CNC(N)=S)C2=O)c1.Br,2.2613217479066607,2.4707999999999997
C612,c1cc2ncccc2c2ccccc12,3.2000014408728936,3.3880000000000003
C6128,c1c(CC(=O)OCCC)ccc(OCC(=O)N(CC)CC)c1OC,2.5243604998927456,2.438100000000001
C6130,c1c(F)ccc(/N=N/N(C)C)c1,2.2965145470201196,2.3859999999999997
C6131,O1[C@H](SC)[C@H](O)[C@@H](O)[C@@H](O)[C@H]1[C@@H]([C@@H](C)O)NC([C@@H]1C[C@@H](CCC)CN1C)=O,-0.3947188707244615,-0.5282
C6135,C1CCCCCCN1/C=C/C=C/C=[N+]1CCCCCCC1.[Cl-],1.565296773964014,1.2704999999999995
C6140,C(c1ccccc1)NC(=O)CN(CC)CC,2.0766252605149407,2.0355
C6146,C1(=O)N(COC)C(=O)C(c2ccccc2)(CC)C(=O)N1C,1.0985652509533876,1.2346999999999995
C616,CN(c1nc(N(C)C)nc(N(C)C)n1)C,0.04908616726750446,0.06960000000000001
C6164,C/C(c1ccccc1)=C(/C(=O)NC)C,2.5485172624381236,2.6169
C6166,c1(SCC(=O)N[C@H]2[C@@H]3N(C2=O)C(C(O)=O)=C(COC(C)=O)CS3)ccncc1,0.6196864936317464,0.8042000000000002
C6168,O=C(/C=C/c1ccccc1)N1CC2N(C)C(CC2)C1,1.8795851839796127,1.8806
C6170,C(=O)(OCC(C(CC)CC)(COC(N)=O)C)N,2.8086134084125156,3.0201
C6177,N(CC)(CC)CCOC(c1c(Cl)cc(N)cc1)=O,2.926881928208598,3.002
C6184,c1ccc(-c2[nH]ccc2)cc1,2.6115071762097815,2.6817
C6221,c1cc(CC(OCC[N+](CC)(C)CC)=O)ccc1-c1ccccc1.[I-],1.0401218736811293,0.9296999999999999
C6228,CN(Cc1ccccc1)[C@@H](C)Cc1ccccc1.Cl,4.3078952917671645,4.551599999999999
C623,c1(C)ccc(C)cc1C,2.511274259760947,2.6118
C6246,C12CN(C(c3ccc(Cl)cc3)=O)CC(N1C)CC2,2.0764582602340895,2.1344
C6259,O=S(=O)(O)SC/C(=N/CCSc1ccccc1)N,3.307242444956127,3.4530000000000007
C6283,C(CBr)CCF,2.1917497077663994,2.131
C6285,c1(C2(C)C(=O)C=C(C(O)=O)O2)ccccc1,1.4465164679260754,1.4696
C6289,C(C(COC(NN)=O)(COC(NN)=O)CC)C,2.133428140668171,2.1749999999999994
C6292,o1c([N+]([O-])=O)ccc1C(OCCC)=O,2.214764360476873,2.2778
C6295,Cl.c1cccc2c1CC1N(C)CCC2(C)C1,3.393444538983853,3.3345000000000002
C6297,C1CCN(C(CCC)Cc2ccccc2)C1.Cl,4.085682875232321,4.233500000000002
C6300,O=c1oc2c(cc(Cl)cc2)n1C,1.7535669958376043,1.7849
C6307,c12c(cc(Cl)cc1)nc(N)o2,2.5376783170319306,2.6445999999999996
C6322,C(CCC)CCCCCCCCCCCC[n+]1ccccc1.[Cl-],3.2541974630174804,3.4594000000000005
C6344,CN(c1c(C)n(CC=C)c(=O)n(-c2ccccc2)c1=O)C,1.569920117738623,1.5596000000000008
C6345,C(C)(N1C(=O)c2ccccc2CS1(=O)=O)C,2.289795525370972,2.3992999999999998
C6354,[C@H]1(O)C[C@H](n2cc(Br)c(=O)[nH]c2=O)O[C@@H]1CO,-0.9575960746111174,-1.0602
C6362,C(=O)(OCCCC)c1occc1,2.2007124543671828,2.2365
C6371,c1c(C2C(NCC)C3CCC2C3)cccc1,3.403441374329618,3.5691000000000006
C6375,c1c(N2CCN(CC(COc3ccc(S(=O)(CC)=O)cc3)O)CC2)cccc1.Cl.Cl,4.592452663147309,4.729800000000002
C6377,N(CCCCCN(O)C(=O)CCC(NCCCCCN(C(C)=O)O)=O)C(CCC(=O)N(CCCCCN)O)=O.O=S(=O)(O)C,2.7327090792877744,2.989
C6385,c1(/C=C/C(NO)=O)ccc(OCC=C)c(OC)c1,2.063865809020194,2.1695
C6388,C(COC(=O)N)(COC(=O)NCC#C)(CCC)C,2.2388636217066074,2.3387000000000002
C639,c1c(N2N(c3ccccc3)C(=O)C(CCC(=O)C)C2=O)cccc1,2.970135249453561,3.0968000000000004
C6404,C1([O-])=NC(=O)C(CC(C)C)(CC=C)C(=O)N1.[Na+],0.7929912776548749,0.8022999999999999
C6410,c1(C(c2ccccn2)c2ccc(OS([O-])(=O)=O)cc2)ccc(OS(=O)([O-])=O)cc1.[Na+].[Na+],4.203579970186317,4.101400000000003
C6418,C1=C(N2CCCCC2)CCCC1,2.648254714019586,2.868099999999999
C6434,C1(N)=NCC(CN2CCN(c3ccccc3OCC)CC2)O1,1.0321386925741547,1.0596
C6436,C(=O)(C)O.C(CNCc1ccccc1)NCc1ccccc1.O=C(O)C,3.2648264247297805,3.5296000000000007
C6442,c1c(SCC2OC(N)=NC2)ccc(OC)c1,1.630492769233858,1.6366999999999998
C6453,c1cccc2nc(N=C(N)N)sc12,2.4656306598689746,2.6017999999999994
C6458,C(n1c(C)nc([N+]([O-])=O)c1)CCl,1.8233345390484215,1.8616999999999997
C6460,C(Cl)Cc1n(C)c([N+]([O-])=O)nc1,1.7023569204981595,1.6328000000000003
C6469,C1Cc2c(cccn2)C(C(N)=O)c2ccccc21,2.636492847201293,2.4976999999999996
C6478,c1c(O)ccc(N(C(C(Cl)Cl)=O)C)c1,2.147847356073696,2.158700000000001
C6489,OC(C(C)(C)NC(N(N=O)CCCl)=O)=O,1.1034304678276474,1.1723
C6493,c1c2c(ccc1C)OCO2,1.659710286603811,1.7237
C6499,c1(OC)c(OC)cc(CC/N=C(/CSS(=O)(O)=O)N)cc1,2.885052829844961,2.9206000000000016
C6500,c1(CCC)ccccc1N,2.667506972654281,2.8025000000000007
C6505,Cl.[C@H](CC1CCCCC1)(C)NC,3.4529317950327902,3.7576
C6509,c1([N+](=O)[O-])ccc(/C=N/NC(C[NH+]2CCOCC2)=O)o1.[Cl-],-1.8699248192638465,-1.9596999999999998
C651,C(\I)=C/I,2.0944006636273396,2.3276
C6525,FC(F)(F)C(C(C(=O)OCC)C(OCC)=O)(O)C(F)(F)F,1.6544341780921765,1.5844999999999998
C6528,C(c1ccccc1)NCCNCc1ccccc1.Cl.Cl,4.708380724332973,4.9517999999999995
C6543,C([NH2+]CC(COc1cccc(C(=O)C)c1)O)Cc1ccccc1.[Cl-],-1.2304281681562683,-1.561
C6554,C1(NCCOc2c(Cl)cccc2)CC1.Cl,3.4048539432070655,3.6637
C6561,C(=O)(O)Cn1cnc2n(C)c(=O)n(C)c(=O)c21,-1.4294291319108736,-1.4817000000000005
C6579,Cc1c(C)c(=O)c2c(c(CN3CCOCC3)c(OC)cc2)o1,2.2164814123489864,2.1885000000000003
C6589,c12[n+](C)c3cc(N)ccc3cc1cccc2.[Br-],0.2324475318297426,-0.015099999999999999
C6590,[Br-].c1ccc2[n+](C)c3ccccc3c(N)c2c1,0.21255818264971052,-0.0151
C6594,O=NO.c1c(C)c(NC(C2N(CC)CCN(CC)C2)=O)ccc1.ON=O,2.1210401146019877,2.1923
C6597,O(CC)c1ccc(Cc2cnc(N)nc2N)cc1OC,2.6712031362990922,2.8015000000000003
C6598,C1C2/C(=C\C)C[NH+](CC2)C1C(c1c2cc(O)ccc2[nH+]cc1)O.[Cl-].[Cl-],-2.9500736357318065,-3.406499999999999
C6599,c1(C#N)cc(Cl)ccc1,2.1964136292390313,2.21168
C6602,O=C(c1c(OC)cc(Cc2c(N)nc(N)nc2)cc1OC)C,2.471331016083483,2.614
C6605,N(CCCC)c1ccc(O)cc1,2.5172486177804627,2.6771999999999996
C6614,c1cc2ccc3occc3c2oc1=O,2.4710376517161103,2.5391999999999992
C662,c1(Cl)c(Br)cccc1,2.9469578089637807,3.1024999999999996
C6621,O(C(c1c(OC)cc(Cc2c(N)nc(N)nc2)cc1OC)=O)C,2.1396609349328117,2.198
C663,c1cc(Br)ccc1C,2.635687468593318,2.7575000000000003
C6646,CC(C)(Cc1ccc(Cl)cc1)NCC(C)O,2.8754210601589927,3.0224000000000006
C6650,c1cc(N)ccc1C(=O)Nc1ccc(C)cn1,2.7305973408464226,2.8787000000000003
C6651,N(c1cc(C)ccn1)C(c1ccc(N)cc1)=O,2.7300572031219903,2.878699999999999
C6655,c1c(C)c(O)cc(C)c1C,2.230866374571229,2.3174
C6661,c1cc(/[N+](=N/C#N)[O-])ccc1,2.125933237537673,2.2848800000000002
C6683,C1CN(C)[C@H]2[C@@H]3CCCC[C@@]13c1cc(O)ccc1C2.O=P(O)(O)O,2.043185172645155,2.0897
C6702,C(C1(CCCC)C(=O)NC(=O)NC1=O)C.[Na],1.454866560208025,1.5965999999999998
C6714,O1C(OC(CC(OC(CC(O)=O)CCCCCCC)=O)CCCCCCC)C(O)C(OC2OC(C)C(O)C(O)C2O)C(O)C1C.O,2.612722116256606,2.4842000000000004
C6719,N(=C(C)CC(C)C)O,1.6838492502232996,1.8825999999999996
C6720,O=S(SCCNCCCCCc1ccccc1)(O)=O,3.836909803195388,3.9967000000000006
C6747,c1cccc(C(=O)OCCCN2CCCCC2C)c1.Cl,3.654188521914239,3.8478000000000003
C6763,C12CC3CC(C/N=C(\CS)N)(C1)CC(C3)C2.Cl,3.870291662193686,3.9920999999999993
C6766,CC[N+](CCOC(=O)C(c1ccccc1)C(C)CC)(CC)C.[Br-],0.9129462292652709,0.8499000000000002
C6767,N1(P(=O)(N(OC(C)=O)C(OCC)=O)N2CC2)CC1,0.441030191318315,0.5381
C6772,c1(N2CC(CO)OC2=O)cc(C)ccc1,1.0706030732271465,1.3774999999999997
C6789,c1(C)c(Br)c(C)[nH]n1,1.7368747484358888,1.789
C6791,C(C)N(CC)CCCC(=O)c1ccccc1,2.8819845536845357,2.9912999999999994
C6802,CC(CN(CCCl)CCCl)C.Cl,3.1690856993234813,3.2239999999999993
C6803,C1=C/C=C/C=C/C=C/C[C@@H](C)OC(=O)/C=C/[C@@H]2[C@H](O2)C[C@H](O)C[C@]2(O)C[C@H](O)[C@@H](C(O)=O)[C@@H](O2)C[C@H]/1O[C@H]1[C@@H](O)[C@@H](N)[C@H](O)[C@@H](C)O1,0.6539332623861763,0.8200000000000001
C6823,c1(N)nc2c(cccc2Cl)o1,2.537411233685693,2.6445999999999996
C6826,CCC(C)C1(CC)C(=O)NC(=O)NC1=O,1.4387493106621403,1.4525000000000001
C6835,OC(=O)c1c(C)cccc1C,1.8865699748263334,2.0016
C6837,[S-]CC(=O)O[Hg]CCCC.[Na+],1.2238517185862436,1.2924000000000002
C6841,n1cnc2nc[nH]c2c1SCCCC,2.1753337202805136,2.2451
C6847,O=C(N1CCN(CC(NN=Cc2ccc([N+](=O)[O-])o2)=O)CC1)C,0.6588313820147964,0.5918999999999998
C6851,C1/C(=N/C)N=c2c(cc(Cl)cc2)=C(c2ccccc2)N1O,1.3239154374052415,1.2227
C6858,c1c(OC)c(O)ccc1/C=C/C(OC)=O,1.6263700631158446,1.5870000000000009
C6866,C1(=O)O[C@H]2[C@]3(C)[C@@](O)(C[C@H]4O[C@@]134)C1[C@H](C(C)(C)O)C2OC1=O.O[C@@]12CC3[C@@]4(C(=O)O[C@@H]([C@]14C)C1[C@@H](C(=C)C)C2C(=O)O1)O3,-0.39554518862507065,-0.9292
C6867,c1(=O)c2c(ncn2C)n(C)c(=O)n1C.O=C(O)CC(O)(CC(=O)O)C(=O)O,-1.9502181312609648,-2.2778
C6868,C1CC[N+](=C/C(=C/C=C/N2CCCCCC2)C)CCC1.[Cl-],1.1546380427909246,0.8804000000000004
C6889,C1(CN2CCOCC2)C(=O)c2c(CC)c(C)[nH]c2CC1.Cl,2.716466207441855,2.7027
C6894,C(CBr)C(N1CCN(C(=O)CCBr)CC1)=O,1.3820047184136035,1.1030000000000004
C690,C(C)c1ccc(C)cc1,2.5209040117869916,2.5574000000000003
C6907,CCCN1C(C)(C)CCC1(C)C,2.7876095312469804,2.9873
C6933,C1(CCCC)(C)OCC(CO)O1,1.241147881181141,1.3005
C6941,Nc1ccc(S(=O)(=O)Nc2scc(C)n2)cc1,3.3617737856010765,3.5695000000000006
C6957,c1(Cl)c(Nc2ccccc2CC(=O)[O-])c(Cl)ccc1.[Na+],2.991203333990373,3.1024000000000007
C6961,c1nc(-n2c(OC)cc(C)n2)cc(OC)n1,0.9942244048807216,0.9879
C6963,n1c(N)nccc1/C=C/c1ncc([N+]([O-])=O)n1C,1.9528240652969069,1.9753
C6967,O(c1ccc(Cl)cc1)CC(O)(C)CO,1.4485979804502462,1.4621
C6985,O(C)c1cc(OC)ccc1,1.67490547770674,1.7038000000000002
C6991,C=CCC1(C(CC)C)C(=O)NC(=O)NC1=O,1.5489207252635255,1.6186000000000003
C6993,C(=C1C=CN(CCCN2C=CC(=C[NH+]=O)C=C2)C=C1)[NH+]=O.[Cl-].[Cl-],-7.376012501923643,-7.879900000000002
C6996,O(C(=O)N)CC(C)(CC(C)C)COC(=O)N,2.4446039908171313,2.629999999999999
C700,c1cc(O)cc(O)c1-c1c(O)c(=O)c2c(o1)cc(O)cc2O,1.9352204282643233,1.9880000000000004
C7000,n1c(N)nc(N)nc1-c1ccc(OC)cc1,1.8325820584572068,1.8739999999999994
C7019,C(C(C)(c1ccccc1)COC(N)=O)OC(N)=O,2.4512492841609292,2.5355
C7027,c1(=S)nc[nH]c2n([C@@H]3O[C@H](CO)[C@@H](O)[C@H]3O)cnc12,-0.7402899581376404,-0.8996000000000001
C7053,c1cc2c(nc(Cl)o2)cc1,2.418581355271638,2.4812
C7062,C1NCCOC1.C1COCCN1.[Cl-].[Cl-].[Pt+2],-5.259278897069103,-6.124500000000002
C7082,S(C/C(N)=N/Cc1ccc(OC)cc1)S(=O)(O)=O,2.7854385507954813,2.8695000000000004
C7083,c1(=O)c(N)cc(-c2ccncc2)c[nH]1,1.6614799106316476,1.6003
C7098,c1(/C=C/C(C)=O)ccccc1,2.2972699453414553,2.2888
C7099,C12CCC(C(C)C1(N(C)C)C)C2,2.3922663489161677,2.3726999999999996
C7109,n1(C[C@H](O)[C@H](O)[C@H](O)CO)c2nc(=O)[n-]c(=O)c-2nc2cc(C)c(C)cc12.[Na+],-1.7118842976256712,-1.9860000000000007
C7111,C(F)CCCC#C,1.8374501005598074,1.7594
C7184,c1(C)n(CC)c([N+]([O-])=O)nc1,1.525882288348934,1.6428
C719,c1(O)nc(NCC)nc(C)c1CCCC,2.257816908120163,2.338
C7195,C(#C)CNC(OCC(CC)(COC(=O)N)C)=O,1.891462629512472,1.9486
C7206,C(Oc1ccccc1)CN(CC)CC,2.3760118543571824,2.4072
C7222,C1C(N(C)CC#C)c2ccccc2C1,2.187363017260771,2.2389
C7224,c1c2c(ncc1)C(=O)C=C(NCCCN1CCCCC1)C2=O,2.0369220064317646,2.1389
C7240,N(C1(c2c(Cl)cccc2)C(=O)CCCC1)C,3.1494280383368607,3.2887
C7248,C(c1ccc(NC)cc1)(CC)=O,2.323124958708006,2.394
C7250,CN(C)NC(C)Cc1ccccc1,2.0791405970102725,2.0747
C7262,Cn1c(=O)c2[nH]cnc2n(C)c1=O.NCCO,-1.1822322293869563,-1.402
C7269,c1(N2C(N)=NC(N)=NC2(C)C)ccc(Cl)cc1.Cl,2.475639658126016,2.6642999999999994
C7274,c1c2c(ccc1)OCCO2,1.483618605308438,1.4578
C728,c1c(C(=O)O)c(=O)c2c(nc(N3CCNCC3)nc2)n1CC,0.22245255370896774,0.31300000000000006
C7280,c1(CCC(Cl)=O)ccccc1,2.423757609305511,2.3846
C7359,CC(=O)C1(C)SCCS1,1.8159185884624554,1.7716
C7374,Nc1ccc(C(=O)Nc2c(C)cccn2)cc1,2.7093426933350213,2.878699999999999
C7381,[Na+].N1C([S-])=NC(=O)C(CC=C)(C(CCC)C)C1=O,1.292006125432122,1.3088
C7385,C1NCC2CCC1N2C(CC)=O,0.7172697367690586,0.6259000000000001
C7394,[nH]1c2c(cccc2)c(C2CCC(C)[NH2+]2)c1.[Cl-],0.455804408978139,0.5278999999999999
C7415,C(N1CCN(CC(=O)N/N=C\c2oc([N+]([O-])=O)cc2)CC1)CO,0.11086686518054126,0.037700000000000004
C7435,c1(=O)c2ccccc2c(=O)[nH][nH]1,0.3438823646195577,0.2164
C7449,c1c(OCC(O)CNC(C)C)ccc(NC(C)=O)c1,1.832487295422201,1.8466
C7454,C1(C)=C(C(OCC)=O)CC(C(OCC)=O)=C(C)N1,1.8633479105689508,1.9827000000000001
C7467,C(C1(c2ccccc2)CC1)O,1.6729046015309033,1.7105
C749,C(CC(C)C)Br,2.417605291368469,2.4273999999999996
C7508,C(C(C)C)S(=O)CC(C)C,2.823597949756071,2.912799999999999
C7514,c1(C(=O)C)sc(C)cc1,2.186192588668637,2.2591000000000006
C7516,N([C@H]1[C@@H]2N([C@@H](C(O)=O)C(C)(C)S2)C1=O)C([C@@H](c1ccccc1)N)=O.O.O.O,0.9718027566962771,1.1543
C7517,O=C(N)c1c(OCC(O)C)ccc(Br)c1,1.95800934833696,2.0079000000000007
C7526,O=C(OCCC[N+](C)(CC)CC)C(c1ccccc1)(O)c1ccccc1.[Cl-],0.4755061365251632,0.34619999999999995
C7527,c1cc(C(C)=O)cc(OCC(CN2CCCCC2)O)c1,2.0167116904240197,2.0527
C7529,C1(=O)N2C(C)CCCC2N(CC)C=C1C(OCC)=O,1.3303876961129393,1.3718
C7555,c1(C)nonc1C(N)=O,0.2384392395797708,0.1772
C7562,C(C)CCN(CCCC)CCCO,2.3310966963872786,2.271
C7574,CC1N(/C=C/C=C/C=[N+]2C(C)CCC2C)C(C)CC1.[Cl-].C1CC(C)N(/C=C/C=C/C=[N+]2C(C)CCC2C)C1C.[Cl-].O.O.O,0.6144719532488073,0.7749
C7583,n1cc(Cc2cc(OC)c(CO)c(OC)c2)c(N)nc1N,1.9332151718101886,1.9037
C7585,c1cccc(NCCO)c1C(O)=O,0.8529682652248979,0.8619999999999997
C7591,Cc1c(C(=O)[O-])nnn1-c1ccccc1.[Na+],0.09567642097206258,-0.06079999999999999
C7599,C(CC(COC(N)=O)COC(=O)N)CC,2.3420122391985516,2.384
C76,c1(Cl)c(Cl)c(Cl)c(Cl)c(-c2ccccc2)c1,5.683028196093188,5.967200000000001
C7622,[C@H]1(C)C(=O)[C@H](C)[C@@H](O)[C@@](O)(C)[C@@H](CC)OC(=O)[C@H](C)[C@@H](O[C@@H]2O[C@@H](C)[C@H](O)[C@](C)(OC)C2)[C@H](C)[C@@H](O[C@H]2[C@H](OC(=O)CC)[C@@H](N(C)C)C[C@@H](C)O2)[C@](C)(O)C1.OS(OCCCCCCCCCCCC)(=O)=O,7.267925172136427,7.553999999999999
C7634,c1cc(C(c2ccccc2)N2CCN(C)CC2)ccc1.Cl,3.505647848326505,3.7012
C7638,C(C)(C(CO)CO)CCC,1.0914292653410227,1.0233999999999999
C7650,NC(=O)c1cc(Cl)ccc1,2.1108866749446955,2.1392000000000007
C7675,O=c1n(C)c(=O)cc(N)n1CCC,0.19257274385403444,0.12040000000000001
C768,c1(C)cccc(C)c1,2.27619364995675,2.3034
C7688,OS(=O)(=O)O.O[C@H]([C@@H]1N2C[C@H](C=C)[C@@H](CC2)C1)c1ccnc2ccc(OC)cc12,3.2899647310337796,3.5391
C7697,c1cc(P(O)(=O)O)ccc1Cl,1.3446590492997517,1.1430000000000002
C7704,[Cl-].C(C(CC)(CO)CC)O.[Ca+2].CCC(CC)(CO)CO.[Cl-],-4.521180036523906,-4.4372
C7722,C(=O)(CC1(CN)CCCCC1)O,1.9036018415649554,2.0706
C7726,O(Cc1ccc(C)cc1)CC(CO)O,0.9334287543495363,0.8648
C7729,c1(OC)ccc(/C=C/C(=O)NO)cc1OC,1.6039110080056709,1.6133000000000002
C7735,[Na+].c1cc(C(=O)[O-])c(-c2c3c(oc4cc(=O)c(Br)cc2-4)c([Hg])c([O-])c(Br)c3)cc1.[Na+].O,4.239987204171129,3.7049000000000003
C7744,[C@@H]1(CO)[C@@H](O)[C@@H](O)[C@@](n2cnc3c2ncnc3N)(CO)O1,-1.9568201964112615,-2.2523000000000004
C775,n1c([N+]([O-])=O)n(CC(NCc2ccccc2)=O)cc1,1.9860108262015967,2.0218
C7750,c1(CN(CCN(CC)CC)CCO)nc2c(cc1)cccc2.O.Cl.Cl,3.787056024026099,3.9106
C7754,Cl.c1c(CC(N)C)ccc(Cl)c1,3.5165170366685623,3.732
C7755,C1=C(C)C2C(C(=O)O1)C(C)CC2,1.9599813949280451,2.1092999999999993
C7758,c1c(C2(C(OCC)=O)CCN(C)CC2)cc(O)cc1,1.8027891381883405,1.8565999999999998
C777,c1(C)c(Cl)c(C)cc(O)c1,2.5420293626084507,2.6623999999999994
C778,[N+](c1ccc(C(=O)O)cc1)([O-])=O,1.7326147732621648,1.8162000000000003
C7780,[N+]1(=C\C(=CC=CN2CCCC(C)C2)C)\CCCC(C)C1.[Cl-],1.104609162395158,0.5921999999999998
C779,c12c(c(OC(=O)NC)ccc1)OC(C)(C)C2,2.4754362832146564,2.5092
C7792,O=C(N)C(c1ccccc1)(O)CC,1.5710732654409676,1.4698
C7800,c1(O)c(C(NCC)=O)cccc1,1.5396694450001807,1.5328000000000002
C7816,O=C(/C=C\C([O-])=O)O.C(C(c1sccc1)[NH+]1CCCCC1)N,1.1715738650547984,1.4633
C7828,C(CC([NH3+])C)CC(C)C.[Cl-],-1.5306026413866343,-1.5529000000000004
C7833,c1cccc2c3c(c(=O)oc12)C(c1ccccc1)CC(C)(OC)O3,3.7504673133769137,4.069999999999999
C7838,N(C(C)Cc1ccccc1)CCCCl.Cl,3.809693989059307,4.028999999999999
C7865,[nH]1c(=O)c(C)n[nH]c1=S,0.26960948850256505,0.1359
C7880,C1C(C)[N+](CC)(CC)C(C)CC1.[Br-],-0.02954423042681811,-0.2333
C7886,NC(C)CCCCCC,2.8139405976764285,3.0043
C7897,c1cccc2c(CN(C)C)c[nH]c12,2.1956263185266804,2.2295000000000003
C7935,OC(c1ccc(O)cc1)C(NC(C)CCc1ccccc1)C.Cl,4.301950765172768,4.617899999999999
C7937,C(C(COC(=O)CCC([O-])=O)(CC)CO)C.[Na+],-0.09024257748310653,-0.1416000000000001
C794,O=C1[C@@](C2=CCCCC2)(C)C(=O)NC(=O)N1C,1.3794239418355279,1.4680000000000006
C7958,Cl.C(SC(N)=N)CN(CC)CC.Cl,3.3213861224006447,3.3589000000000007
C7960,C1=C2CN3CC[C@]45[C@@H]3C[C@@H]2[C@H]2[C@H](CC(=O)N(c3ccccc34)[C@H]52)OC1.[C@H]12CC(=O)N3[C@@H]4[C@]5(c6ccccc63)[C@@H]3C[C@H]([C@@H]14)C(=CCO2)CN3CC5.S(=O)(=O)(O)O,4.500080161569397,4.6188
C7975,N(c1nc(=O)nc(C)[nH]1)CC,0.232752564950712,-0.021899999999999992
C7978,c1c(-c2ocnn2)cccc1,1.7035135297167698,1.7366
C798,c1cccc(I)c1C(O)=O,1.9323226903541377,1.989400000000001
C8004,O=C(C(C(C)C)Cl)NC(=O)N,1.5379893680734085,1.5358999999999998
C8041,C(C)CC(=O)N1C2CN(C)CC1CC2,1.0313979932005608,0.9673000000000004
C8043,O[C@@]12C[C@]3(C)O[C@@H]([C@@]4(COC(=O)c5ccccc5)[C@]3(O[C@H]3[C@H](O)[C@@H](O)[C@H](O)[C@@H](CO)O3)C[C@H]41)O2,-1.2705919280383629,-1.3575
C805,[C@@H](Cl)(C)[C@@H](Cl)C,2.275616357444934,2.241
C8051,[C@H]1(CO)O[C@@H](n2cc(F)c(=O)[nH]c2=O)C[C@@H]1O,-1.5977987843134551,-1.6836
C8054,c1c(OC)ccc(CC(C)=O)c1,1.8818578105703572,1.8267000000000007
C8066,C1CN(CCOc2c3c4c(cc2)C[C@H]2N(C)CC[C@@]45[C@@H](O3)[C@@H](O)C=C[C@@H]25)CCO1,1.3004708812110235,1.0793000000000006
C8068,c1cccc(N(C(=O)N)CCCC)c1,2.693150570471416,3.072100000000001
C807,C(CCCCCCCN)CCC(O)=O,3.0868951764118404,3.2408999999999994
C8073,N(C)C1(C)CC2CC1CC2,2.1891047419692393,2.1754
C8083,OC(C#C)CCCCC,1.6854138126573597,1.5608000000000002
C8090,c1c(C(O)=O)cc(O)cc1,1.0546911151266558,1.0903999999999998
C8092,OC(C)C(O)COc1ccccc1,0.8547223710524572,0.8070999999999996
C810,c1(F)ccccc1Br,2.5009270579190885,2.5882
C8106,O=C(OCc1nc(COC(NC)=O)ccc1)NC,1.4484822929056556,1.5754
C812,C[C@@H](C(C)(C)Cl)Cl,2.5952801850364677,2.6311
C8129,c1(Cl)c(Cl)nc(Cl)c(Cl)c1[O-].[Na+],3.6513688903736963,3.839
C8132,c12ncccc1cccc2N,2.3580588715847344,2.3982
C8141,c1(Cl)ccc(O)c(C(=O)O)c1,1.6938517742664008,1.7438
C8154,O=C1CC(CC)(C)CC(=O)N1,1.2203638635650458,1.1681
C8158,O=S(O)(=O)SCCNCCCc1ccccc1,3.082224293000633,3.2164999999999995
C816,C(CCC=C)=C,2.151858149626528,2.1386
C8179,c1cc(O)c(C(O)=O)c(O)c1,0.8114388003207987,0.7959999999999998
C8180,O=C([C@H](CC[S+](C)C)N)O.[Cl-],-2.67152313123506,-2.6294
C8181,O=C1C(CC)(CC)C(=O)C(C)CN1,1.5553097629479598,1.4566
C8185,CC[N+](C)(CCOC(=O)C(c1ccccc1)(c1ccccc1)O)CC.[Cl-],0.16478362155179266,-0.04390000000000001
C8195,c1(/N=N/c2ccc(N)nc2N)ccccc1.Cl,4.2312303203385655,4.6258
C8198,CC(=O)c1ccc(OCC(CO)O)cc1,0.7061448115800678,0.6211999999999999
C8201,c1(C)c(OCC(CO)O)cccc1,0.8484888115866341,0.7270000000000001
C8232,c1ccccc1CC(NC)C.Cl,2.911853291382331,3.0298999999999996
C8235,C(CCC)(COC(N)=O)COC(=O)N,1.9709203319247615,1.9938999999999991
C8273,C(#CC(CC)(C=C)O)Cl,1.5079913711723374,1.5132
C8276,OC1(O)[C@]23N=C(N)N[C@H]2[C@H](COC(=O)N)N=C(N)N3CC1.Cl.Cl,-0.43973514099562366,-1.0092
C8279,c1(C(NN)=O)cc(Cl)nc(Cl)c1,2.0053897968941943,2.0831000000000004
C8298,c1cc(C(=O)OCCN(C)C)c(OC)c(OC)c1.Cl,2.1328338938223226,2.2241999999999997
C8299,C1CNCCC1(C=O)c1ccccc1,1.9763849893396797,1.8355
C831,C1=C(C2(CC)C(=O)NC(=O)NC2=O)C[C@H]2C[C@@H]1CC2,1.9338820905323462,2.1528
C8326,[N+]([O-])(=O)/N=C(/n1c(C)cc(C)n1)N,1.0412445548012716,1.0779
C8329,P(OCC)(=O)(N(C)C)OP(OCC)(=O)N(C)C,2.223164482344336,2.4154000000000004
C8335,C(C)C=C(COC(=O)N)COC(N)=O,1.831216429480326,1.9140000000000004
C835,Cl[C@H](C)CCC,2.3698121006044306,2.413800000000001
C8351,c1(OC)cccc(C(N)=O)c1,1.492981201542389,1.4943999999999997
C8353,N1C(C)CCCC1(C)C,2.281628550721523,2.2558000000000002
C8357,c12ccccc1[nH]cc2CCNC.Cl,3.0388580065225015,3.122699999999999
C8373,N(CCO)c1ccccc1.Cl,1.9791539694340747,1.9658000000000004
C838,[N+](=O)(O[C@H]1CO[C@@H]2[C@@H](O[N+]([O-])=O)CO[C@@H]21)[O-],0.04155408247715056,-0.015800000000000005
C8404,c1ccc(N2C(=O)C3C4OC(CC4)C3C2=O)c(C)c1,1.6628466699471909,1.7267999999999994
C8407,C(=O)([O-])c1cc(O)ccc1.[Na+],-0.24377761455468316,-0.2443
C8412,C1NCCN(c2nc3c(cc2F)c(=O)c(C(O)=O)cn3CC)C1,1.0705579427524408,1.0570999999999997
C8429,c1c(C(N)=O)cc(OC)c(OC)c1OC,1.4680639861077331,1.5116000000000005
C843,c1(NS(=O)(c2ccc(N)cc2)=O)noc(C)c1,2.928253149745138,3.1010000000000004
C8439,O=P(SCCCNCCCNCCCSP(O)(=O)O)(O)O,1.6973156188122216,1.7695
C8444,C(Cc1c[nH]c2ccccc21)NC,2.294322349768561,2.3207000000000004
C8445,[C@H]12C[C@@H]3[C@@](O)(C(O)=C(C(N)=O)C(=O)[C@H]3N(C)C)C(=O)C1=C(O)c1c(c(N(C)C)ccc1O)C2,0.7439454865582515,0.7303000000000001
C8447,O=C(c1ccc(CNNC)cc1)NC(C)C.Cl,2.8764702137482048,3.0234999999999994
C8448,n1ccc2cc[nH]c2c1,1.5714251995403397,1.5629
C8461,[O-][N+](=O)c1cn(C)c(Cl)n1,1.4993677670591856,1.5048999999999997
C8468,C(CCCCO)CCO,1.0210083336073588,0.9215
C8472,c1(=O)c2c([nH]cn1)cccc2,1.016651737103551,0.9231000000000004
C8485,O=C(CC)N1CC(C)N(C)C(C)C1,1.0114542943899363,0.8232
C8486,N1(C)CC(C)N(C(=O)CC)C(C)C1,0.9045695970710759,0.8232
C849,C1(=O)C(C)(C)N(Cl)C(=O)N1Cl,0.9793972534606796,1.2126
C8490,c1(NC)nc(N2CCN(CCO)CC2)c(SC)c(Cl)n1,1.0901121002022878,1.0838
C8494,C(CCCCN(C)C)CN(C)C,1.7594915768811616,1.67
C8526,c1cc(OC)c(CCN)cc1OC.Cl,2.6254435896311468,2.7073
C8528,c1(=O)n(C(C)=O)c2c(o1)ccc(Cl)c2,1.755206356876671,1.9080000000000001
C8529,c1cc2c(cc1)N(C)C(=O)C2=O,0.9795223218660845,0.9106999999999996
C8546,c1(O)c(C(=O)NCC(=O)O)cccc1,0.6740455490736315,0.5975
C855,C(C(=O)CCCC)CCC,2.9057116621529593,2.9359
C8550,C(S/C(N)=N\CC)CN.Br.Br,3.2268221614652557,3.3297000000000003
C8560,c1c([As](=O)(O)O)ccc(OCC(O)C)c1,-0.9849290972112958,-0.9928000000000002
C8585,[C@H]1([C@H](CC)O)CCCCN1,1.3950363898693936,1.2282000000000002
C8586,c1(CNN)ccccc1.Cl,2.4888227316186016,2.5431
C8614,c1c(O)cccc1OC(C)=O,1.3231633932805582,1.3175000000000003
C8627,c1cc(O)c2c(c1)[C@@](C)(O)[C@H]1[C@H](O)[C@H]3[C@H](N(C)C)C(=O)C(C(=O)N)=C(O)[C@@]3(O)C(=O)C1=C2O.Cl,0.16067338998702688,0.10210000000000001
C8629,Cc1cc(C)n[nH]1,1.042518116115272,1.0265000000000002
C8632,C(NCC)(=O)Nc1ncco1,1.1990119528566114,1.2798999999999998
C8636,C1N(CC)C(=O)C(=O)NC1,-0.26980629255922733,-0.7686
C8637,n1c(S(=O)(=O)[NH-])sc(NC(=O)C)n1.[Na+],1.2378256724749697,1.3911999999999998
C8638,[Li+].[Li+].O=C([O-])[O-],-2.8849524711185737,-2.4469999999999996
C8647,OC(Cn1c([N+]([O-])=O)ncc1)COC,0.3189236597026074,0.3218
C8654,CC(C)(NC(N)=O)C,1.4261060963241954,1.5444
C8669,c1c(N)ccc2c1nc(N)o2,2.0913432282901074,2.1546
C8702,[nH]1c2c(=S)nc(N)[nH]c2nc1,1.2174679885985615,1.1788999999999998
C8713,CCN1C(=S)N(CC)CCC1,1.2518684213763407,1.1945999999999999
C8732,C#CC(O)(C=C)CC,1.0827083911258968,0.9467
C8736,O(c1ncc(Cl)cc1)CCNCCSS(=O)(O)=O,2.6517250738955536,2.7111
C874,CC(C)C,1.6826623164809447,1.6623
C8746,[Cl-].CCC(C(c1ccccc1)O)[NH2+]C,-2.1550193922029472,-2.3042
C8748,c1(CNNC(=O)C(N)CO)c(O)c(O)c(O)cc1.Cl,0.577355161805612,0.5279
C8759,Cc1c(CC(=O)O)sc(=S)[nH]1,1.7864560311335138,1.7412
C8777,c1[nH]ncc1Cl,1.0857512100537001,1.0631000000000002
C8785,[Na+].C(c1c(O)cccc1O)(=O)[O-],-0.3439132222944082,-0.5387000000000001
C8802,C[N+](C)(C)c1cc(OC(=O)Cc2ccccc2)ccc1.[Br-],0.19543878119329852,0.03540000000000001
C8810,C1(CC(C2CC(O)(C)CC(C)C2=O)O)CC(=O)NC(=O)C1,0.5984524521970185,0.4852
C8836,N([N+](=O)[O-])(CC)CC,1.060427950567534,1.0431
C8847,O(c1ccc(OC)c(C(O)C[NH+](C)C)c1)C.[Cl-],-2.841387364128653,-3.1143
C8848,c1cccc(C2OCCNC2C)c1.Cl,2.6810703940879836,2.8667999999999996
C8854,O=C([C@@H](NC(CCN)=O)Cc1[nH]cnc1)O,-0.128443419159479,-0.0384
C8857,C(CCSSCCNC(=O)C)CS(=O)[O-].[Na+],2.4014231769534478,2.4198
C8866,Cl.N1(C(OCC)=O)CCN(CC)CC1,1.5428593560380763,1.4582
C8884,[C@H]1([C@@H](c2ccnc3c2cc(OC)cc3)O)N2CC[C@H]([C@@H](C=C)C2)C1.Cl.Cl,4.435601361075062,4.7151
C8887,c1c(N(CCN(C)C)Cc2cccs2)nccc1.Cl,3.300390393838218,3.5133
C8889,O=[As](c1cccc(NC(C)=O)c1)(O)[O-].[Na+],-0.6477168814411792,-0.2828
C8896,C(=O)(OC1C[C@H]2CC[C@@H](C1)N2C)C(O)c1ccccc1.Br,2.5973448580033978,2.784400000000001
C8898,O(C)P(=O)(SC)OC,1.7855050133147654,1.7503000000000004
C89,O(C)c1ccc(C(C(Cl)(Cl)Cl)c2ccc(OC)cc2)cc1,4.90126980968219,5.2059
C8911,O=C1N(C)CCCC1,0.6231575112759837,0.5666
C8913,C(C/N=C(\N)CSS(=O)(O)=O)COC,1.73894116434933,1.6972000000000003
C8956,N(CCCC)CC(c1ccc(O)cc1)O,2.192346846512761,2.2062000000000004
C8992,C1CSC(C)(C)N1,1.3527500442217828,1.3877000000000004
C8995,[Cl-].c1ccccc1C[n+]1cc(C(=O)N)ccc1,-1.0114198105077674,-1.1744
C9002,c1(O)ccccc1C(=O)N(C)C,1.1449560220076203,1.0940000000000003
C9010,[N+]1(C)(C)CC[C@@]23[C@H]4C=C[C@H](O)[C@@H]2Oc2c(OC)ccc(c23)C[C@@H]14.[Br-],-1.0956130939596318,-1.3915000000000002
C9018,O([C@H]1[C@@H](NC)[C@H](O)[C@@H](O)[C@H](CO)O1)[C@@H]1[C@](C=O)(O)[C@H](C)O[C@H]1O[C@@H]1[C@@H](N=C(N)N)[C@H](O)[C@@H](N=C(N)N)[C@H](O)[C@H]1O.O([C@@H]1[C@@H](N=C(N)N)[C@H](O)[C@@H](N=C(N)N)[C@H](O)[C@H]1O)[C@@H]1O[C@@H](C)[C@@](C=O)(O)[C@H]1O[C@H]1[C@@H](NC)[C@H](O)[C@@H](O)[C@H](CO)O1.O=S(O)(O)=O.OS(O)(=O)=O.OS(O)(=O)=O,-6.078075850016009,-8.654
C904,C(/C=C(\C)CCC=C(C)C)O,2.6340940510035886,2.6714000000000007
C9042,CN1C(c2ccccc2)N(C)CC1,1.3616068640636092,1.4382
C9049,P(=O)(O)(O)c1ccc(N)cc1,0.8327926388411501,0.653
C9052,c1c([N+](C)(C)C)cccc1OC(c1ccc(C)cc1)=O.[Br-],0.46621644023882963,0.41490000000000005
C9060,C(C#CC#CC#CC(=O)N)O,-0.5426298327078483,-0.8255000000000002
C9076,C1CCC2C(NC(=S)N2)C1,1.5668008030152356,1.4329
C9077,O1C(C)OC(C)OC1C,0.837895651873423,1.0878
C9087,c1cc(OC)c(C(C(N)C)O)cc1OC,1.7072739239387695,1.7847000000000002
C9089,c1(C(=O)O)cc(=O)[nH]c(=O)[nH]1.NCCCC[C@@H](C(=O)O)N,-0.6345230355641853,-0.31070000000000003
C9093,O=C(N)C(=NO)C(=O)N,-0.46949998774268326,-0.8122000000000001
C9101,OC(c1cc(O)cc(O)c1)CNC(C)(C)C,1.8004318784796574,1.9102000000000001
C9105,c1(-c2cccs2)cc[n+](C)cc1.[I-],-0.5141289969185213,-0.7564
C912,S=c1[nH]c(C)cc(=O)[nH]1,0.8097289107995111,0.7409
C9123,C(C)(N)Cc1ccc(O)cc1.Br,2.7695462756341325,2.9402999999999997
C9146,c1ccc2c(n1)C(=O)C=C(NCCN1CCOCC1)C2=O,0.5652238457687516,0.5951
C9147,C1CN2[C@@H]3C(=CC2)COC(=O)[C@@](O)(C)[C@@](O)(C)[C@@H](C)C(=O)O[C@H]13,-0.15489640853474101,-0.45470000000000005
C9182,C1C[N+](C)(CCCC[n+]2cc3c(cc2)cccc3)CC1.[Br-].[Br-],-2.5392513085491366,-2.8853
C9190,[nH]1[nH]c(=S)nc1,0.5149803253464432,0.46730000000000005
C9204,c1(O)cc2c(cc1O)CCN(C)C2.Cl,1.8726400769992824,1.8256000000000001
C9216,C([S-])(NCCCCCCNC(=S)[S-])=S.[Na+].[Na+],2.1873200343725996,2.1714
C925,c1ccc(-c2ccccc2O)cc1,2.898210963889772,3.0591999999999997
C9251,c1(NC(C)=O)c(I)c(C(=O)[O-])c(I)cc1I.[Na+],1.8409612311461412,1.8953000000000009
C9253,C(C)[N+](Cc1ccccc1)(CC)CC.[OH-],2.7876399607079216,2.8863
C9257,n1c(N)c(C[n+]2csc(CCO)c2C)cnc1C.[Cl-],-1.417958558054413,-1.8070999999999997
C926,CCCCCCCCO,2.4173836633455865,2.339199999999999
C9262,[N+](CC)(CC)(c1ccc(CCCC[N+](CC)(CC)CC)cc1)CC.[I-].[I-],-0.6017131278339034,-0.7392000000000001
C9267,Br.[C@H]12[C@H]3[C@H](O3)[C@H](N1C)CC(OC(=O)[C@H](CO)c1ccccc1)C2,1.834475181609541,1.8141000000000003
C9272,c1c(CCCC[N+](CC)(CC)C)ccc([N+](C)(CC)CC)c1.[I-].[I-],-1.3754343752410987,-1.5193999999999996
C9273,n1[nH]c([C@@H]2O[C@H](CO)[C@@H](O)[C@H]2O)c(O)c1C(=O)N,-1.8437637985353559,-1.9315000000000002
C9276,N1=C(N)SCC1C(=O)O,-0.18806127777495538,-0.363
C9279,O1[C@@H](n2cnc3c2ncnc3N)[C@H](O)[C@H](O)[C@H]1COP(=O)(OP(=O)(OP([O-])(O)=O)[O-])O.[Na+].[Na+],-0.6399346325123818,-0.1714
C9286,C([N+](c1ccc(CCC[N+](CC)(CC)C)cc1)(CC)C)C.[I-].[I-],-1.7847377284920984,-1.9094999999999995
C9291,C(C)[N+](CC(OCC[N+](CC)(CC)CC)C)(CC)CC.[I-].[I-],-2.770260325106483,-2.8474999999999993
C9314,O.CNCCNCCSP(=O)(O)O.OP(SCCNCCNC)(=O)O.O.O.O.O,0.4596953665930171,0.4847
C9315,C[N+](CCCCCc1ccc([N+](C)(C)C)cc1)(C)C.[I-].[I-],-2.470958536648857,-2.6897000000000006
C9319,[Na+].C1NC(C([O-])=O)CS1,-0.7290722328911473,-1.2724
C9326,C1CCCC[N+]1(CCOCC[N+](C)(CC)CC)C.[I-].[I-],-3.626764866562296,-3.9133
C9334,C(c1c(=O)[nH]c(=O)n([C@@H]2O[C@H]([C@@H](C(=O)O)NC(=O)[C@H]([C@H](O)[C@H](COC(=O)N)O)N)[C@@H](O)[C@H]2O)c1)O,-4.736601110180748,-4.8466000000000005
C9337,C(COc1ccc([As](=O)(O)O)cc1N)O,-1.0757810249987407,-1.2179
C9361,[I-].C([N+](CCC)(C)CCOCC[N+](C)(C)C)C.[I-],-4.041596182600489,-4.406299999999998
C9371,C(c1c(CO)cnc(C)c1O)N.Cl.Cl,2.279250570820641,2.3509
C9373,C[N+]1(CC[N+](C)(C)C)CC2CC(CCC2)C1.[I-].[I-],-3.757701756254857,-4.074000000000001
C9384,C(CCC[N+](C)(C)C)CCC[N+](C)(C)C.[I-].[I-],-3.356790073706459,-3.6427
C939,c1(C)cc(OC(=O)NC)ccc1N(C)C,2.040586063094397,2.1701
C9395,[N+](C)(C)(c1ccc(C[N+](C)(C)C)cc1)C.[I-].[I-],-3.622924601954751,-3.9025000000000003
C9396,C(CCCCCC[N+](CC)(CC)CC)[N+](CC)(CC)CC.[Br-].[Br-],-1.151257815203838,-1.3021
C940,O=C(NC1CCCCCCC1)N(C)C,2.636913425637421,2.7614
C9412,CC[N+](CCCCCC[N+](CC)(CC)CC)(CC)CC.[Br-].[Br-],-1.590334943846551,-1.6922
C9418,[n+]1(CCC[N+](C)(C)C)ccc(C=Cc2ccccc2)cc1.[Br-].[Br-],-2.586225532780758,-2.751199999999999
C9436,C([N+](C)(C)C)CCCCC[n+]1cc2c(cccc2)cc1.[Br-].[Br-],-2.4003842690057375,-2.5981000000000005
C9438,O=S(=O)(O)SCCNC(C)(C)C,2.3279100274589424,2.3822
C9445,C(=CC=CN1CCCC1)C=[N+]1CCCC1.[O-][Cl+3]([O-])([O-])[O-],2.0141345530053467,2.1402
C9448,c1ccc2c(c1)CC[N+](CC)(CCC[N+](C)(C)C)C2.[Br-].[Br-],-2.958527415439325,-3.3575
C9451,C(C[N+](C)(C)CC)OCC[N+](CC)(CCC)CC.[Br-].[Br-],-3.3282332151494924,-3.6261
C9455,[Br-].C([N+]1(CCOCC[N+](CC)(C)C)CCOCC1)C.[Br-],-4.6225228947202455,-5.067000000000002
C9456,CCN/C(N)=N/CCSS(O)(=O)=O,1.7822634852008277,1.6186
C9462,[Br-].C(CCCC[n+]1cc2ccccc2cc1)[N+](C)(C)C.[Br-],-2.81166992374788,-2.9882000000000004
C9463,c12c[n+](CCC[N+]3(C)CCCC3)ccc1cccc2.[Br-].[Br-],-2.8343811568388926,-3.2754000000000003
C9468,c1ccccc1C[N+](CCOCC[N+](Cc1ccccc1)(C)C)(C)C.[Cl-].[Cl-],-2.10247090584252,-2.4358
C9476,C(C)[N+](CC(OC(C)C[N+](C)(CC)C)C)(C)C.[Br-].[Br-],-3.720676079459532,-4.019399999999998
C9479,[Br-].C[N+](C)(CCCCCCC[N+](CC)(C)C)CC.[Br-],-2.6291115934951823,-2.8624999999999994
C9515,C1C[N+]2(C)C(CN(C)C)C(CN(C)C)C1CC2.[I-],-2.139213960543893,-2.0726000000000004
C9526,N(CCCN)CCCCNCCCN.Cl.Cl.Cl.Cl,4.624074538791933,5.0338
C9527,C(CCC[N+](C)(C)C)C[N+](C)(C)C.[Br-].[Br-],-3.9819291205437968,-4.4229
C9540,[Cl-].C1[C@H](S)[C@@H]([NH3+])C1,-3.0101587562710326,-3.3068999999999997
C9551,c1(S(=O)(=O)[O-])c(O)c(O)cc(S([O-])(=O)=O)c1.[Na+].[Na+],1.2939434114338304,1.0675999999999999
C9572,[NH+](\CCC[NH+]1CCOCC1)=C(\CS)N.[Cl-].[Cl-],-5.904029885247594,-7.0633
C9573,O=P(OCC)(OP(OCC)(=O)OCC)OCC,3.117193635109018,3.3652
C9577,Cl.C(c1ccccc1)N,2.567199306456601,2.6476
C9591,C(CCCC[N+](C)(C)C)C[N+](C)(C)C.[Cl-].[Cl-],-3.6778229281965897,-4.032800000000001
C9592,[I-].CC[N+](CCO)(CC)CC,-1.928388762932874,-2.1407999999999996
C9603,C1OCCOCCNCCOCCOCCNC1,0.11544913089312431,-0.0968
C9608,[nH]1c(=O)[nH]c(C([O-])=O)cc1=O.[N+](C)(C)(C)CCO,-2.480088625580185,-2.8884000000000007
C962,C1(=O)NC(=O)C(c2ccccc2)(CC)C(=O)N1,1.3927137976697712,1.358
C9620,C(OC(=O)C(N)Cc1cccc(O)c1)(C(C)O)O,0.4974012738204718,0.20469999999999997
C9621,C(CN)CNCCCCN.Cl.Cl.Cl,3.6311661223915324,3.8611999999999993
C9622,C(O)(C(CC)[NH2+]C)c1cc(O)c(O)cc1.[Cl-],-2.6826711453159926,-2.8930000000000002
C9627,c1(O)c(O)cccc1O,0.8474169526350114,0.8034
C9628,P([O-])(OCC(O)CO)(=O)[O-].[K+].[K+],-0.5201244787134413,-0.6747000000000002
C964,[C@H]1(O)C[C@@H]2CC[C@@]1(C)C2(C)C,2.1404790435328245,2.1935
C9640,c1(CC(N)(C(OC)=O)C)ccc(O)cc1.Cl,2.244301489059776,2.3273999999999995
C9649,c1(N)nc(=O)n([C@H]2[C@@H](O)[C@H](O)[C@@H](CO)O2)cc1,-1.799645114324683,-1.9818
C9650,C[N+](C)(CCCC)C.[I-],-1.4530792544257776,-1.5033
C9664,O=N/C=C1\C=CC=CN1,1.1610912726787186,0.8002000000000001
C9668,Oc1cc(C(O)C([NH2+]C)C)ccc1O.[Cl-],-3.0321546474184857,-3.2831000000000006
C9672,O=P(SCCNCCCN)(O)O.O,0.8088323301650717,0.7776
C9677,C(COCN1C=CN(C)/C1=C/[NH+]=O)=C.[Cl-],-3.9035224564624986,-4.1432
C9685,[Br-].C[N+](C)(C)CCOC(N)=O,-2.5099290752696493,-2.5078
C9691,O1[C@H]2[C@H](O)[C@@H](CO)O[C@H]2n2ccc(=N)nc21,-1.387580772694975,-1.5261
C9698,N1(COCC)/C(=C\[NH+]=O)[NH+](C)C=C1.[Cl-],-3.7604172836971244,-3.5611
C9714,OC(C([NH3+])C)c1ccc(C)c(O)c1.[Cl-],-2.5455569202624857,-2.631600000000001
C9717,C1(NS(=O)([O-])=O)CCCCC1.[K+],2.002812934452305,1.8406
C972,P(OCC)(=S)(Oc1ccc([S@@](=O)C)cc1)OCC,4.137985081080915,4.616600000000001
C9728,c1(O)ccc(C[C@H](N)C(=O)OC)cc1O,0.995641254941001,0.8409000000000002
C9735,c1cc([N+]([O-])=O)cc(P(=O)(O)O)c1,1.0582199638511314,0.9209999999999999
C9757,S(S(=O)(O)=O)CCNCCC,2.0359746810662758,1.9936999999999996
C9765,[Na+].O=C1c2ccccc2C(=O)C([O-])=C1,0.7980505978982105,1.38
C977,O=[N+]([O-])C1C(=O)NC(=O)NC1=O,-0.6972048342375057,-0.8215
C9777,C[C@H](N)[C@H](c1ccccc1)O.Cl,2.4460931527061183,2.569500000000001
C9788,C(NC(=C)C(=O)CCC(=O)N)(C)=O,0.6289629151176432,0.5620000000000002
C98,Oc1ccc(C)c(O[P@@](=O)(Oc2c(C)cc(O)cc2)Oc2c(O)cccc2C)c1,4.936340568814307,5.3735
C980,C(=O)(O)c1ccccc1-c1ccccc1C(=O)O,2.5197228747106144,2.75
C9808,c1ccc([N+](C)(C)C)cc1.[OH-],1.7756833492088158,1.7064999999999992
C9810,OC(=O)C[C@@H](C(O)=O)NC(=O)C,-0.4579262715819486,-0.5587000000000002
C9813,c1cc(CCN)ccc1O.Cl,2.390556053178167,2.3957000000000006
C9821,OS(=O)(=O)SCC(N)=N,1.2677200581756092,1.3392
C9825,OCCN1CCOCC1.Cl,0.31305332356842785,0.050800000000000005
C9836,C(OCCN(C)C)(=O)C,0.30880558204339115,0.11109999999999999
C9837,O(CC)C(CN(C)C)=O,0.3862948194210833,0.11109999999999999
C9847,O=S(SCCN)(O)=O,1.2482172250793702,1.2622
C9851,O1[C@@H](C)[C@H]1P(=O)(O)O,-0.07254412631123063,-0.0911
C9864,C(C(O)CO)F,-0.38761354188932073,-0.6909000000000001
C9882,Oc1c(O)cc(CN)cc1,1.267785071278201,1.2567999999999997
C9898,N(N)Cc1ccccc1,1.770338260008804,1.7411
C9913,c1(CO)ncccc1,0.6804359775985261,0.5739000000000001
C9941,N(CCN)C,0.38331698391110247,0.25570000000000004