Compound ID,smiles,y_pred,y_true
C1001,c1c(Cl)c(O)cc(Cl)c1Cl,-2.7101049274225915,-2.21
C1007,O=C1NC(=O)NC(=O)C1(c1ccccc1)CC=C,-2.6199944715313968,-2.1800001
C1009,C(CCC)S,-1.271346333879784,-2.1800001000000004
C1011,C1CCCC(C2(CC)C(=O)NC(=O)NC2=O)=C1,-2.68139130081848,-2.170000100000001
C1015,c12ccc(O)cc1cccn2,-1.3774728580354345,-2.1600000999999995
C1018,Br[C@@H](CBr)C,-2.012943175467929,-2.1500001
C1030,ClC(C(=O)N[C@H]([C@H](c1ccc([N+](=O)[O-])cc1)O)CO)Cl,-2.0498004258273697,-2.1099999000000005
C1031,C(C)[C@H](CO)CCCC,-1.780192513216468,-2.1099998999999996
C1041,C(CC)CCC[C@@H](C)O,-1.6476380100822394,-2.089999900000001
C1048,[nH]1c2ccccc2c(CC(O)=O)c1,-1.7706228055282205,-2.0699999
C1063,[C@H](CC)(C1(CC=C)C(=O)NC(=O)NC1=O)C,-2.288844386882224,-2.0200000000000005
C1097,[C@@H]([C@@H](O)c1ccccc1)(O)c1ccccc1,-1.8515542515368195,-1.9299998999999994
C1102,c1cc(NC(CC)=O)ccc1,-1.6686894751209242,-1.9200000000000004
C1110,BrC(Br)Cl,-1.673020933277078,-1.9
C1111,C1(OC)=C(OC)[C@H]2C(=O)OC[C@@H]2C=C1,-1.1347253941748654,-1.8999999999999997
C1125,CCCC(C(=O)O)CCC,-1.8028484216587504,-1.8599999999999999
C1126,BrCCCCl,-1.6227135095071001,-1.8499999999999999
C1149,C1(=S)NC(=O)CS1,-0.2015101048631926,-1.7699999999999998
C1155,C(Cl)=C,-0.5715297493561465,-1.75
C1160,CCCBr,-1.5282038466852441,-1.7300000000000002
C1162,C(Oc1c(C(O)=O)cccc1)(C)=O,-1.6325991945110487,-1.72
C1169,Clc1ccc(Cl)c(C(O)=O)c1OC,-2.9066298509972537,-1.7000000000000002
C1190,ClC(Cl)C(=O)N(CC=C)CC=C,-2.2450030161828947,-1.62
C1191,C(C)COCCC,-1.0555291109781375,-1.6200000000000003
C1193,C(c1ccc(OC)cc1)[C@H]1NC[C@@H](O)[C@@H]1OC(C)=O,-1.2411300106713643,-1.61
C1212,N(C)C(Oc1ccccc1C1OCCO1)=O,-1.4348085310223457,-1.5700001000000006
C1225,n1ccc(-c2ccncc2)cc1,-1.3276977955500981,-1.54
C1233,C(C)CC(CO)(C)C,-1.190393977933026,-1.5200000000000002
C1252,Nc1nc(=O)[nH]cc1C,-0.6637416859689307,-1.46
C1263,C(C(C)C)C(C)=O,-0.5342321156933335,-1.4200000000000002
C1265,O[C@]12C(=O)C(C(=O)NCN3CCCC3)=C(O)[C@@H](N(C)C)[C@@H]1C[C@H]1C(=C2O)C(=O)c2c(cccc2O)[C@@]1(C)O,-1.8467052745391601,-1.4200000000000002
C1271,CCN(CCOC(c1ccc(N)cc1)=O)CC,-1.9280783744032612,-1.3999999999999997
C1287,Cc1[nH]cnc1CSCCN/C(=N/C#N)NC,-1.6323905069256583,-1.35
C130,c1(N)cc2c3c(cccc3)ccc2c2c1cccc2,-6.11312755648575,-6.1999998
C1305,C1CCCCCC(O)C1,-1.5292185419191078,-1.29
C1312,C(C)(C)([C@@](CC)(C)O)C,-1.3583580946048814,-1.2700000000000005
C1322,Nc1ccc(S(NC(=O)C)(=O)=O)cc1,-1.3586505625225282,-1.23
C1324,O=C1C(CC)(C)C(=O)NC(=O)N1,-1.1071627796369057,-1.23
C1332,COC([C@H]1[C@H]2C[C@H](C=C2)[C@H]1C(OC)=O)=O,-1.647391630543258,-1.2000000000000004
C1333,c1cc(CO)ccc1C,-1.224602195458942,-1.2
C1334,C(c1ccccc1)=O,-0.9459640403052352,-1.1900001
C1335,c1(O)ccc(C)cc1C,-1.6435176251273111,-1.1900001
C1353,C(CN)CCCC,-0.547799237009344,-1.0999999999999999
C1359,C=CC,-0.7170202862431552,-1.08
C1360,[nH]1c(=O)[nH]cc(F)c1=O,-0.7364869466612445,-1.0700001000000001
C1373,CCC[C@](CC)(O)C,-0.8773363198175459,-1.0
C139,c1(Oc2cc([C@H](C#N)OC(=O)C3C(C)(C)C3(C)C)ccc2)ccccc1,-6.154939872356667,-6.030000199999998
C1392,c1(OC)cnc2cncnc2n1,-0.9009201956757481,-0.9100000299999997
C1397,C(C[C@H](O)C)CC,-0.6154453912330842,-0.88999999
C1400,C1[C@H](O)CC[C@@H](C)C1,-1.04283137627319,-0.88
C1410,C(C)OC=C,-0.14132394848960952,-0.85000002
C1422,C(O)(=O)CCCCC(O)=O,-0.4181510990972166,-0.81999999
C1427,Nc1ccc(O)cc1,-0.2610862624304624,-0.80000001
C1443,C(CO)N(CCO)c1ccccc1,-0.21157973867328003,-0.7300000200000001
C1453,c1c(Cl)ccc(O)c1,-1.2751848775569778,-0.69999999
C1459,C(C)CCOC(N)=O,-0.6129907490667577,-0.6600000299999997
C1474,O[C@H](CCC)C=C,-0.6720954234078413,-0.5899999700000002
C148,c1cc(CN(C2CCCC2)C(Nc2ccccc2)=O)ccc1Cl,-5.474057124943361,-5.9099998
C1492,C(CNCCC)C,-0.6139305729937226,-0.46000000999999996
C1499,[C@H]([C@H](c1ccccc1)O)(C)NC,-0.1421419819068357,-0.41999999000000005
C1503,OC(C(C)C)(C)C,-0.49937251841242897,-0.41
C1524,CCC(=O)CC,-0.15895523761386632,-0.28
C1525,C([C@@H]1[C@@H]2O[C@@H](CC2)[C@@H]1C(O)=O)(O)=O,-0.7027762752598459,-0.27000001000000007
C1530,C(C(=O)OC)=C,0.04023668567903179,-0.22000000000000008
C154,c1(Cl)ccc([C@@H](c2c(=O)oc3ccccc3c2O)CC(=O)C)cc1,-4.143012652321475,-5.840000199999999
C1590,c1(C)cnccc1C,-0.6422607165652708,0.36000001000000004
C1597,Cc1ccc(C)cn1,-0.3568605686168949,0.40000001000000013
C1599,C(C)OP(OCC)(=O)OCC,-0.5077242461355544,0.43000001
C1615,N1=CCC(=O)N=C1,-0.3589268580925342,0.58999997
C1620,O[C@@H]1[C@@H](O)[C@H](O)[C@](CO)(O)OC1,0.5582720171814968,0.63999999
C1622,CNC(/C=C(/C)OP(=O)(OC)OC)=O,-0.14791508670240605,0.64999998
C1627,[C@H]1(O)[C@H](O)O[C@H](CO)[C@@H](O)[C@@H]1O,0.5516728438218735,0.7400000099999999
C163,P(OCC)(OCC)(Oc1nc(Cl)c(Cl)cc1Cl)=S,-5.456601146647145,-5.6700000999999975
C1643,C1OCCN(C)C1,0.6806855491759042,1.0
C1645,c1cccnc1O,0.2855311762409303,1.0199999999999998
C1653,[C@@H](CC(O)=O)(C)N,0.5164581891944057,1.08
C1661,C(=O)(N)NC,0.19318333038298416,1.1299999999999994
C1662,S(CCS[C@@H](C(NC)=O)C)P(OC)(OC)=O,-0.883378824604357,1.14
C1670,C(#CC)[C@]1(O)CC[C@H]2[C@H]3C(=C4C(=CC(=O)CC4)CC3)[C@@H](c3ccc(N(C)C)cc3)C[C@@]21C,-5.936863317617803,-5.900000000000001
C1686,c1c(CC(C)C)ccc(C(C(O)=O)C)c1,-3.421032036638573,-3.5900000000000007
C1687,O(c1cccc2ccccc21)CC(O)CNC(C)C,-2.546965551135532,-3.49
C1691,C1C(=O)C=C2CC[C@@H]3[C@@H]([C@@]2(C)C1)[C@@H](O)C[C@]1(C)[C@@H](C(CO)=O)CC[C@H]13,-3.779973936035357,-3.2399999999999993
C17,c1(Cl)c(Cl)cc(Cl)c(Cl)c1-c1c(Cl)c(Cl)ccc1,-8.146884249452762,-8.6000004
C1708,CC(CCCCn1c(=O)c2c(ncn2C)n(C)c1=O)=O,-1.8244154203967522,-0.5599999999999998
C1710,C(C(O)O)(Cl)(Cl)Cl,-0.661268833286837,1.7
C1711,C(\CCC=C(C)C)(=C/CC/C(C)=C/CC/C(C)=C/CC/C(C)=C/CC/C(=C/CC/C(C)=C/CC/C(=C/CC/C(=C/CC/C(C)=C/CC1=C(C)C(=O)C(OC)=C(OC)C1=O)C)C)C)C,-15.666290634950418,-18.21769274
C1712,CCCCCCCCCCCCCCCCCC(Nc1ccc(NC(=O)CCCCCCCCCCCCCCCCC)cc1)=O,-13.462410261585703,-17.46845707
C174,C(n1c(C)c(CC(O)=O)c2c1ccc(OC)c2)(=O)/C=C/c1ccccc1,-4.927821330034081,-5.539999999999999
C1743,O(C(=O)CCCCCCCCCCCCCCCCC)CC(NC(=O)C(Cl)Cl)C(c1ccc([N+]([O-])=O)cc1)O,-10.7213139759392,-11.28911114
C1753,C[C@@]12CC[C@@]3(C)CC[C@](C)(C(O)=O)C[C@H]3C1=CC(=O)[C@@H]1[C@@]3(C)CC[C@H](OC(=O)C)C(C)(C)[C@@H]3CC[C@@]21C,-8.631913211299244,-10.59594624
C1762,O1[C@@]2([C@H](O)C=C[C@]3(O[C@H]([C@@H](CC)C(=O)[C@@H](C)[C@@H](O)[C@@H]([C@@H]4O[C@@H]([C@@H](CC)C(O)=O)CC[C@@H]4C)C)[C@@H](C)C[C@H]3C)O2)CC[C@@]1(C)[C@H]1CC[C@](O)(CC)[C@H](C)O1,-10.493181842670847,-10.00995023
C1768,C1[C@@H]2[C@@]3(C)CC[C@H](O)C(C)(C)[C@@H]3CC[C@@]2(C)[C@]2(C)CC[C@]3(C(=O)O)[C@@H](CC(C)(C)CC3)C2=C1,-9.62564119208031,-9.925642185
C1775,C1(=O)C=Cc2c(cccc2)/C1=N/Nc1c(C)cc(/N=N/c2c(C)cccc2)cc1,-7.203620577113044,-9.733343393999997
C1780,c1(OCC)cc(C[N+]2(CCOCCC3C4C(C)(C)C(C4)CC3)CCCCC2)c(Br)cc1OCC.[Br-],-8.882997934690001,-9.498385827999996
C1793,c1c(Br)ccc(OCCCCCNCCSSCCNCCCCCOc2ccc(Br)cn2)n1.Cl.Cl,-9.21055254771848,-9.341702129999998
C1798,O=C(O[C@H]1CC[C@]2(C)[C@H]3C(=O)C=C4[C@@](C)(CC[C@@]5(C)CC[C@](C)(C([O-])=O)C[C@@H]45)[C@]3(C)CC[C@H]2C1(C)C)CCC(=O)[O-].[Na+].[Na+],-4.926522769466423,-9.244617084
C1803,O1C(=O)C(CCCCCC)C(OC(CC(C)C)=O)C(C)OC(=O)C(NC(=O)c2cccc(NC=O)c2O)C1C,-6.971664564847518,-9.117690251
C1810,c1cc2c(cc1)c(C(CCN(CC=C(C)C)CC=C(C)C)(C(=O)N)CC=C(C)C)ccc2,-8.690174220734477,-8.935435008999999
C1812,c1(C(=N)[NH+](CCCCC)CCCCC)ccc(OCCCC)c2ccccc12.[Cl-],-8.668034844374812,-8.933846013
C1817,c1(OCC)c(C(OCC)=O)cnc(N2CCN(CCC(c3ccccc3)(c3ccccc3)c3ccccc3)CC2)n1.Cl,-7.7758397330686035,-8.882266484000002
C184,c1(Cl)c2nccnc2c(Cl)c(Cl)c1Cl,-4.420353078303641,-5.429999799999999
C1866,C(CC[C@@H](C)[C@@H]1[C@]2(C)[C@H]([C@@H]3C[C@@H](OC(=O)C)[C@@]4(O)C[C@@H](OC(CCC(O)=O)=O)CC[C@]4(C)[C@H]3CC2)CC1)C(C)C,-9.092044303322815,-8.180970934
C1867,C1CC(CNCCC2CCCCC2)CCC1CNCCC1CCCCC1.Cl.Cl,-7.738880827896455,-8.178152151
C1878,C1CC1COc1cc2[nH]cc(C(=O)OCC)c(=O)c2cc1OCC1CC1,-4.695345589747899,-8.094372969
C1881,N[C@H]1C[C@H](O[C@H]2C[C@@](/C(C)=N\NC(=O)c3ccccc3)(O)Cc3c(O)c4c(c(O)c32)C(=O)c2c(OC)cccc2C4=O)O[C@@H](C)[C@H]1O,-6.320068832604789,-8.04292561
C1892,c1ccc(C[NH2+]CC23CCC(C[NH2+]Cc4c(C(F)(F)F)cccc4)(CC2)CC3)c(C(F)(F)F)c1.[Cl-].[Cl-],-7.688664593084178,-7.901725612
C1894,C1CC(CNCc2ccccc2Br)CCC1CNCc1c(Br)cccc1.Cl.Cl,-7.771611675269779,-7.899652518000003
C1899,[NH+](C)(CCOC(C1c2c(cccc2)-c2ccccc21)C1c2c(cccc2)-c2c1cccc2)C.[Cl-],-8.5661916017065,-7.884950343000002
C1903,[C@]12(C)CCC(=O)C=C1CC[C@H]1[C@@H]3CC[C@H](OC(CCCCCC)=O)[C@@]3(C)CC[C@H]21,-7.036720763569496,-7.867914368000002
C1910,c1c(OC(=O)c2ccc(C(F)(F)F)cc2)ccc(N(CCBr)CCBr)c1,-7.506333748722664,-7.8082320240000005
C1911,c1(=O)cc(-c2ccc(O)cc2)oc2c(-c3cc(-c4oc5c(c(=O)c4)c(O)cc(OC)c5)ccc3O)c(O)cc(O)c12,-6.911592136364101,-7.788082722
C1921,O[C@H]1C[C@@H]2[C@]3(C)C(=CC[C@H]2[C@@H]2C[C@@H]4N5[C@@H]([C@@H](C)[C@@H]4[C@@]12C)CC[C@H](C)C5)C[C@@H](O)CC3,-6.220433273360773,-7.695983827999998
C1930,N(c1ccc(OC(=O)c2ccccc2CC)cc1)(CCBr)CCBr,-7.1358328218528255,-7.582645750999999
C1931,C(CCCC[NH2+]Cc1ccccc1Cl)CCCC[NH2+]Cc1c(Cl)cccc1.[Na+].[Na+],-7.2566376630131755,-7.579229908999997
C1946,C1CC(OC(C2c3c(cccc3)-c3ccccc32)=O)CC[NH+]1CCc1ccccc1.[Cl-],-7.134754146335971,-7.520194427
C1950,C12=C(C)[C@@H](OC([C@@H]([C@H](c3ccccc3)NC(OC(C)(C)C)=O)O)=O)C[C@@](O)([C@@H](OC(c3ccccc3)=O)[C@H]3[C@@](C)([C@@H](O)C[C@H]4OC[C@]43OC(=O)C)C(=O)[C@@H]1O)C2(C)C,-6.560343530523821,-7.5094122290000005
C1960,c1(C(C)(CCC)C)nc2c(s1)nc(C(C)(C)CCC)s2,-6.937920950791002,-7.402181682999999
C1961,c1c(CCCCC)c2c(cc1O)OC(C)(C)C1C2C=C(C)CC1,-6.499973394501342,-7.400667813000003
C2002,OC(C(Cl)(Cl)Cl)NC(=O)OCC(CCC)(C)COC(=O)NC(C(Cl)(Cl)Cl)O,-4.9772563217949415,-7.15503222
C2009,c1cccc(P(=S)(OC)Oc2cc(Cl)c(Br)cc2Cl)c1,-6.691631407748655,-7.1378381389999985
C201,c1c(Cl)c(-c2c(Cl)cccc2)ccc1,-5.6447948803233405,-5.269999999999999
C2019,c1cc(Cl)ccc1CC(c1ccc(OCCN(CC)CC)cc1)(c1ccc(C)cc1)O,-7.1640184018265245,-7.112180045
C2038,O=S(O)(O)=O.c1ccc2c(c1)/C(=C\CCN1CCCC1)c1c(ccc(Cl)c1)S2,-6.794754620600152,-7.040277695
C2042,c12ccccc1N(CCCN1CCN(C)CC1)c1c(ccc(SCC)c1)S2.C(=C\C(O)=O)\C(=O)O.O=C(/C=C\C(O)=O)O,-6.692244692301964,-7.034138569999999
C2049,C1CC(CNCC2=CCCCC2)CCC1CNCC1=CCCCC1.C(C)(=O)O.CC(O)=O,-6.786515192614077,-7.01536361
C2068,c1c(-n2c(OC(c3cc(OC)c(OC)c(OC)c3)=O)c(CCCC)c(=O)n2-c2ccccc2)cccc1,-5.946109440914493,-6.928139266
C2069,C(C[C@@H]1[C@H](O[C@@H]2O[C@H](C)[C@@H](O[C@@H]3O[C@@H](C)[C@H](OC(CC(C)C)=O)[C@](C)(O)C3)[C@H](N(C)C)[C@H]2O)[C@@H](OC)[C@H](OC(C)=O)CC(=O)O[C@H](C)C[C@H]2[C@H](/C=C/C(=O)[C@H](C)C1)O2)=O,-5.728311915864992,-6.921845891000001
C207,O(Cc1cc(Oc2ccccc2)ccc1)C([C@H]1[C@H](C=C(C)C)C1(C)C)=O,-6.564586737473094,-5.239999799999999
C2073,C(c1ccccc1)(=O)Oc1ccc2c(c1)CC[C@H]1[C@H]3[C@](C)(CC[C@H]21)[C@@H](O)CC3,-6.4864470261303655,-6.894428661
C2077,CN(c1ccc2c(c1)Sc1c(ccc(N(C)C)c1)N2C(c1ccccc1)=O)C,-6.045351650568854,-6.876196657000001
C2081,C(CCCC)C1=CC=C(O)C2C1OC(C)(C)C1C2C=C(C)C=C1,-6.3925208429109395,-6.865728364000001
C209,c1(C)c(C)c(C)c(C)c(C)c1C,-4.8810171982978705,-5.23
C2101,c1cc2c(cc1)N(C(OC(C)CN(C(C)C)C(C)C)=O)c1c(cccn1)S2.Cl,-6.7284248524450705,-6.799869877000001
C2103,C(=O)(COc1c(I)cc(I)cc1I)O,-5.847631565054271,-6.790655823
C2119,c12c(cccc1)Sc1c(cc(Cl)cc1)[C@@H](N1CC[C@@H](N(C)CC)C1)C2,-6.115098895416192,-6.755415121999998
C212,Ic1cc(C[C@@H](N)C(=O)O)cc(I)c1Oc1ccc(O)c(I)c1,-5.668566165072579,-5.219999800000002
C2121,c1(Cl)cc2c(cc1)Sc1c(cccc1)C[C@H]2N1CC[C@H](N(C)CC)C1,-6.196113732947434,-6.7554151220000005
C2125,C(CCCCCOCCCCCCCC)CC,-7.415666181775967,-6.732951228999998
C2139,CC(C)(C)c1ccc(C(O)CCCN2CCC(C(c3ccccc3)(O)c3ccccc3)CC2)cc1,-6.650852098858562,-6.690025778000001
C2143,C1(C(OCC)=O)(c2ccccc2)CCN(CCC(c2ccccc2)(c2ccccc2)C#N)CC1.Cl,-6.5454786485541145,-6.676521366999999
C2144,C(F)(F)(c1cccc2c1Sc1ncccc1N2C(=O)SCCN(C(C)C)C(C)C)F,-6.95217463440115,-6.674466652999999
C2152,c1(N(C(=S)Oc2ccc3ccccc3c2)C)cc(C)ccc1,-6.190508313596776,-6.641629837000001
C2157,c1cccc2c1C1(c3c(cccc3)C=C2)OC(CN2CCCCC2)CO1.C(/C=C\C(=O)O)(O)=O,-6.418998363469592,-6.616859825000001
C2165,c1ccc2c(c1)Sc1c(cc(Br)cc1)/C2=C/CCN(C)C.Cl,-6.50958975837243,-6.573234057000001
C2174,c12c(ccc(Cl)c1)Sc1ccccc1N2CCCN1CCN(C(=O)N)CC1,-5.024810650905041,-6.556023447999999
C2175,C(Br)CSCCCCC(=O)NCCNC(CCCCSCCBr)=O,-5.776403624344453,-6.555236839000001
C2191,c1c2c(cccc2)c(C(CCN(CC=C(C)C)CC=C(C)C)C(N)=O)cc1,-6.378163693582086,-6.508658393999999
C2201,C(CCCCCCCCCCCCCCC)N(C)C,-6.110387161202056,-6.482173198000001
C2208,c12ccccc1Sc1ccc(C(CCC)=O)cc1N2CCCN(C)C.O=C(O)/C=C\C(O)=O,-6.334304086680043,-6.471240042000001
C2225,C1CN(CCC(c2ccccc2)(c2ccccc2)c2ccccc2)CCN1c1nccc(NC)n1,-6.3769868243150105,-6.410898088
C2239,CC1Cc2cc(C)c(C)cc2C(CCc2ccc(Cl)cc2)[NH+]1C.[Cl-],-6.383867815293013,-6.3768321110000015
C2241,c1cc(NCCN(CC)CC)c2c(=O)c3c(sc2c1CO)cccc3.CS(=O)(=O)O,-4.619322911640373,-6.372397977
C2255,C(CCOc1cc2c(c3c(c(C)ncc3)[nH]2)cc1)CC.Cl,-4.786538467867819,-6.331752251000002
C226,C(CC)CSP(SCCCC)(SCCCC)=O,-4.985836966283808,-5.1399999
C2262,C1C2([NH2+]Cc3c(Cl)cccc3)CCC([NH2+]Cc3ccccc3Cl)(CC2)C1.[Cl-].[Cl-],-6.576354767170709,-6.31855213
C2268,c12c(cccc1)N(CCCN(CC)CC)c1ccccc1NC2=O,-5.608349294589845,-6.300278714
C2275,C1(=O)NC(=O)N(C)C1(c1ccccc1)CC,-2.12762065719403,-6.282061340000003
C2276,c1c(/C=C/c2cccc(/C=C/c3ccccc3)n2)cccc1,-5.79039428922872,-6.2762687260000005
C2279,c1(OC)cc2c3c([nH]c2cc1)c(C)c1c(c3C)cncc1,-6.002116172981112,-6.2682558980000005
C228,c1(S(=O)(NC(NC2CCCCC2)=O)=O)ccc(CCNC(=O)c2cc(Cl)ccc2OC)cc1,-6.071248769981574,-5.090000199999999
C2306,C(CCNCCSSCCNCCCOc1ncc(Cl)cc1)Oc1ncc(Cl)cc1.Cl.Cl,-5.980512930805713,-6.201363277000001
C2307,Clc1cnc2c(c1)N(C(=O)SCCN(C(C)C)C(C)C)c1c(cccc1)S2.Cl,-7.036671385596455,-6.19443382
C2309,C1N(CCCCCCSCCCCCCCCC)CSC1.Cl,-5.80946425715394,-6.193029048999998
C2313,C1C2CC3(NCC(C)C)CC(CC1C3)C2.Cl,-3.682115229385354,-6.188410459000001
C2334,c1(NCCSS(O)(=O)=O)c2c(nc3c1cccc3)cccc2,-3.135363954421862,-6.136886819000002
C2350,C1CCCC(NCC2CCC(CNC3CCCCC3)CC2)C1.Cl.Cl,-5.9289689302674775,-6.104942883
C2351,N(CC1CCC(CNCC2CCCC2)CC1)CC1CCCC1.Cl.Cl,-5.839339063101979,-6.104942883
C2376,C1=C(CNC2CCCCC2)CCC(CNC2CCCCC2)C1.O=C(C)O.O=C(O)C,-5.9636040679020486,-6.069298022000001
C2397,CN(C)CC/C=C1/c2cc(Cl)ccc2Sc2ccccc21,-5.82026190781251,-6.029671254
C2399,C(=C/C=C/C=C1\Sc2c(cccc2)N1CC)\C=C\c1sc2ccccc2[n+]1CC.[I-],-6.817997046877773,-6.021678493
C2414,c1ccc(C)c(N(C(Cc2ccccc2)=O)CCCN(CC)CC)c1C,-5.403978690854498,-5.989077924000001
C2417,C1[N+]2(CCC)CC(C=C)C(C[C@@H]2[C@H](c2ccnc3ccc(OC)cc23)O)C1.[Br-],-5.080682341377004,-5.983259519
C2429,c1c2c(ccc1)C(CCCN(C)C)(c1ccc(C(F)(F)F)cc1)OC2(C)C.Cl,-5.968916978512399,-5.961766434999999
C2441,O=C(c1ccc(OC(C)(C(OC(C)C)=O)C)cc1)c1ccc(Cl)cc1,-5.628355683469249,-5.935819599999999
C2447,C1(C)(C)c2c(cccc2)C(CCC[NH+](C)C)c2ccccc21.[Cl-],-5.621479097316056,-5.9207029129999995
C2449,C(NCC1CCC(CNCCc2ccccc2)CC1)Cc1ccccc1.Cl.Cl,-6.340427975015334,-5.914168845
C2451,O(C(=O)Nc1c(OCCCCCCC)cccc1)C(C[NH+](CC)CC)C.[Cl-],-5.822489628933087,-5.909404437999999
C2457,c1ccc2c(c1)CCc1c(ccs1)C2=C1CCN(C)CC1,-5.027296101988128,-5.900867207
C2458,c12ccccc1Sc1ccccc1C2CCCN1CCN(C)CC1.Cl.Cl,-6.188877934342225,-5.89996513
C246,c1c(N2C(=O)[C@@](C=C)(C)OC2=O)cc(Cl)cc1Cl,-4.196208825899321,-4.929999799999999
C2460,C(c1cc(Cl)cc(Cl)c1O)c1c(O)c(Cl)cc(Cl)c1,-4.865090194187416,-5.895454669
C2466,OCC(=O)[C@@]1(OC(CCCC)=O)CC[C@@H]2[C@]1(C)C[C@H](O)[C@@H]1[C@@]3(C)C=CC(=O)C=C3CC[C@@H]21,-4.955604632374876,-5.889026297000001
C2467,C1CC2CCN1CC2CN1c2ccccc2Sc2ccccc21,-5.555781731641318,-5.887624842000001
C2476,c1c2c(ccc1O)C[C@H]1N(CC(CC)c3ccccc3)CC[C@]23[C@H]1CCCC3.O=C([C@@H]([C@H](C(O)=O)O)O)O,-5.83677906294966,-5.869431735
C2478,c1c(OC)c(Br)cc2c1[C@@]13CCN(C)[C@@H](C2)[C@H]1CCCC3.Br,-4.775605135486154,-5.866052747
C2479,C(CCC)[NH+](CCCC1(c2ccccc2)c2ccccc2OC1=O)CCCC.[Cl-],-6.243077564525013,-5.86551237
C2487,C1N(CC/C=C2\c3ccccc3Sc3cc(OC)ccc32)CCN(C)C1.Cl.Cl,-5.743234497157573,-5.849806997999998
C249,c12c(cccc1)Cc1ccccc1-2,-5.113223356723798,-4.909999799999999
C2491,N1(CC[NH+](C)C)c2c(cc(Cl)cc2)Nc2c(cccc2)C1=O.[Cl-],-4.438126227420154,-5.846158381000001
C2504,C(SCC[NH+](c1ccccc1)CCSCCCl)CCl.[Cl-],-4.4835069482069185,-5.824844843999999
C2523,c1cc(C(c2ccccc2)(CCC)C(OCCN(CC)CC)=O)ccc1.Cl,-5.5871809943224715,-5.790995146
C2525,c1cccc2c1C(C)(C)c1c(cccc1)N2CCCN(C)C.C(=O)([C@@H]([C@H](C(=O)O)O)O)O,-4.7927114784339535,-5.789963876
C2534,C(CN1c2c(cccc2)Sc2ccccc21)N(CC)CC.Cl,-5.574053235349284,-5.769810675
C2543,CC(CCN1[C@@H]2Cc3c(cc(OC)cc3)[C@]3(CC1)[C@H]2CCCC3)C.O[C@@H](C(O)=O)[C@@H](O)C(O)=O,-5.703131304057324,-5.74760462
C2557,C(CCCC[n+]1ccccc1)CCCCCCCCCCC.[Cl-].O,-3.0765441707191523,-5.725231610000001
C2564,N(Cc1ccccc1)(C)C(CC12CC3CC(CC(C1)C3)C2)C.Cl,-5.762491497584398,-5.718172787000003
C2571,O1C(C)(C)[C@H](OC)[C@@H](OC(=O)N)[C@@H](O)[C@H]1Oc1ccc2c(O)c(NC(=O)c3ccc(O)c(CCC(C)C)c3)c(=O)oc2c1C,-6.123719121487925,-5.713079518
C2586,c1cccc(CC(=O)OC2(c3ccccc3)CCN(CCCC)CC2)c1.Cl,-5.461326460135178,-5.680824996000004
C259,n1c2c(ccc1)C(=O)Nc1c(cc(N(C)C)cc1C)N2CC,-4.093520974202103,-4.869999900000002
C2590,c1c(C(C)C(=O)O)cc2c(c1)-c1c(cccc1)CC2,-4.894650505026792,-5.677663757999999
C2594,C1=C/[C@@H](O)[C@H]2[C@H](/C=C/CCC[C@H](C)OC/1=O)C[C@H](O)C2,-2.6415835226203135,-5.669571013
C2601,C(N)CCN1c2cc(Cl)ccc2Sc2cc(O)ccc21,-4.933975515242795,-5.659497421
C2602,c1cccc2c1C(CCC[NH2+]C)c1c(cccc1)CC2.[Cl-],-5.404493352971362,-5.656981045000001
C2608,C(C[NH+]1CCC(OC(C(c2ccccc2)c2ccccc2)=O)CC1)CC.[Cl-],-5.388811150901084,-5.650253792000001
C2609,C1(CC)=C(C[C@H]2NCCc3cc(OC)c(OC)cc32)C[C@H]2c3cc(OC)c(OC)cc3CCN2C1,-4.978910110743394,-5.645775378
C2635,c1c(OCCCCCCC)cc(NC(=O)OCC[NH+]2CCCCC2)cc1.[Cl-],-5.914490711611735,-5.599208683
C264,C1C[C@@H]2[C@H](CC[C@@]3(C)[C@H]2CC[C@@H]3O)c2c1cc(O)cc2,-4.251239233035621,-4.840000199999999
C2672,c1c2c(c(/C(c3ccc(OC)c(OC)c3)=[NH+]/OCC=C)nc1)cc(OC)c(OC)c2.[Cl-],-4.7531119077264705,-5.54106414
C2681,c1c(Cl)ccc2c1/C(=C\CN(C)C)c1ccccc1S2.Cl,-5.698513353197787,-5.524967799
C2689,c1cc2c(cc1)CCc1ccccc1C21CNCCC1.Cl,-4.955559698789927,-5.514997007000001
C2702,O(C)c1c(OC)cccc1CNCC1CCC(CNCc2cccc(OC)c2OC)CC1.Cl.Cl,-5.7490812476918265,-5.502727126
C2706,C(c1ccccc1)[S+](C)Cc1ccccc1.O=[N+]([O-])[O-],-5.129952989116119,-5.49782638
C2707,O=C(CN(CC(O)=O)CC(Nc1c(C)cc(C)c(Br)c1C)=O)O,-2.598855834311296,-5.4970059309999995
C2718,Cc1c(OCCCC)ccc(CC(N)=O)c1,-3.021175324715163,-5.481064037
C2719,c1c(C(=O)OC2C(OC(c3cccnc3)=O)C(OC(=O)c3cccnc3)C(OC(c3cnccc3)=O)C(OC(=O)c3cnccc3)C2OC(c2cnccc2)=O)cncc1,-7.811433423224142,-5.479771301
C2721,COc1cc2c(cc1OC)CC[NH+](C)C2CCCc1ccc(Cl)cc1.[Br-],-5.4447805916204235,-5.476930163
C2736,O=C(O)C1C(C)C(CC)=C(c2ccc(OC)cc2)CC1,-4.487744078987186,-5.4542437439999985
C2756,c1cc(O)c(O)c2c1C[C@@H]1c3c-2cccc3CCN1CCc1ccccc1.Cl,-5.385239332358331,-5.434030116999999
C2766,n1(CC[NH+]2CCCC2)c2c(cc(F)cc2)c2ccccc12.C(=O)([O-])C(O)=O,-5.200263857663747,-5.41566897
C2769,C(NC)CCC1(c2ccccc2)c2c(cccc2)C(C)(C)C1.Cl,-5.255748876708459,-5.41118813
C278,C1CN(C)C[C@@H](CN2c3ccccc3Sc3ccccc32)C1,-4.987023496813908,-4.739999799999998
C2780,O(C)c1ccc(C(Nc2ccccc2CCC2CCCCN2C)=O)cc1,-4.76051987504693,-5.391492382
C2781,S1CCCN=C1Nc1c(C)cccc1C,-3.2916250148562707,-5.391452625
C2791,N(=C=S)c1ccc(N=C=S)cc1,-3.6898143194843076,-5.375229546
C2792,C1C2C(c3ccccc3)C3(CC(NC)C)CC(CC1C3)C2.Cl,-5.285994212958454,-5.374703537
C2796,CC1(C)CC(c2ccccc2)CC(C)(C)N1C(=O)CN(CC)CC,-5.166424200929172,-5.360829983
C2802,N1(CCC(NC(=O)c2ccccc2)c2ccccc2)CCCCC1.Cl,-4.375585079127116,-5.3454705439999985
C2803,c1cccc(/C=C/CN2CC[C@]34CCCC[C@H]3[C@H]2Cc2c4cc(O)cc2)c1.Br,-5.250523691675768,-5.345018877
C2822,Cc1ccc(C(C)C)c(OCCN(C)C)c1C(OCc1ccccc1)=O,-5.120702972270852,-5.325503446
C2828,c1c[n+](C(c2ccccc2)c2ccccc2)ccc1CCCCC.[Br-],-3.633955255753067,-5.312545670000002
C2836,c1(N(CC(COCC(C)C)N2CCCC2)Cc2ccccc2)ccccc1.O.Cl,-5.071475739635436,-5.3000223349999995
C2855,o1c2c(ccc(F)c2)c(C2CCN(CCc3c(C)nc4n(c3=O)CCCC4)CC2)n1,-5.4283487630804474,-5.279254326
C2859,C[C@H]1C=C2C=C[C@H](C)[C@H](CC[C@H]3OC(=O)C[C@H](O)C3)[C@H]2[C@@H](OC([C@@H](C)CC)=O)C1,-5.413523624021614,-5.277164462999999
C2876,ClC(C(OCC(OC(C(Cl)(Cl)Cl)O)COc1ccccc1C)O)(Cl)Cl,-5.2055480884200405,-5.256893502
C290,O(c1ccc(Oc2ccccc2)cc1)CCNC(=O)OCC,-4.285669502598486,-4.6999998
C2900,c1c(C(CO)C)cc2ccc3ccccc3c2c1,-5.132836577048036,-5.227361416
C2918,c1cccc(C2(C)CC(CCCN(C)C)c3c2cccc3)c1.Cl,-5.086883106814835,-5.202427754
C2920,c1c2n(CC[NH+](C)C)c3cc(OC)ccc3c2ccc1Cl.[Cl-],-5.324860027655539,-5.198094211000002
C2922,c1c(C(C(Oc2ccccc2)=O)C(N[C@H]2[C@H]3SC(C)(C)[C@H](C(O)=O)N3C2=O)=O)cccc1,-4.360235983140618,-5.193638041
C2930,C(CCCCSc1ccc(I)cn1)CN1CCSC1.Cl,-4.97476227853129,-5.1887898560000005
C2953,CN(C)CCCC1(O)c2ccccc2CCc2c1cccc2,-4.458013002342254,-5.158694838999999
C2965,c1cc2c(cc1)Sc1c(cccc1)N2C(CN(CC)CC)=O,-5.2094701199336875,-5.146449256000001
C2973,C(C1COC2(c3c(cccc3)C=Cc3c2cccc3)O1)N1CCOCC1.OC(/C=C\C(=O)O)=O,-5.381998084883248,-5.13900486
C2975,c1ccc(C[NH+](CCCl)CC=Cc2c(C)cccc2)cc1.[Cl-],-5.161245323458539,-5.13756077
C2987,C1=Cc2c(cccc2)C(=CCCNC)c2c1cccc2.Cl,-4.898896087198758,-5.1276096199999985
C3,c1(Cl)cc(-c2c(Cl)c(Cl)c(Cl)c(Cl)c2Cl)c(Cl)c(Cl)c1Cl,-9.993919128647162,-10.26
C30,c1c2cccc3ccc4c(c(cc5c4cccc5)c1)c32,-8.170560569678614,-8.189999600000004
C3000,CC(CN(C)C)CC1(c2ccccc2)c2ccccc2C(C)(C)O1.Cl,-5.124525560331097,-5.109069656
C3005,C(C)(C)=CCC(C#N)(CCN(C)C)c1ccc2c(c1)cccc2.Cl,-5.430222187452042,-5.107046635
C3024,C1(O)(c2cccc(C(F)(F)F)c2)CCN(CCCC(c2ccc(F)cc2)=O)CC1.Cl,-5.010163096169626,-5.071729115000002
C3041,c12c(ccc(Cl)c1)OCc1c(cccc1)/C2=C/CCN1CCN(CCO)CC1.Cl.Cl,-5.26709025382051,-5.055753083000002
C3078,[C@@H]1(O)C[C@H](O)C[C@H](O)[C@@H]([C@H](O)CCCCC)C(=O)O[C@H](C)[C@@H](O)/C=C/C=C/C=C/C=C/C=C(\C)[C@@H](O)C[C@H](O)C[C@H](O)C[C@H](O)C1,-3.6945431857378703,-5.013360154999999
C3079,c1cc(CCC2N(C)CCc3cc(OC)c(OC)cc32)ccc1Cl,-5.05393609155841,-5.011795015
C3080,C(c1c(O)cccc1)(OCCCc1ccccc1)=O,-4.16807063088762,-5.010810275000001
C3082,C12=C(Cc3ccccc3C(O)C=C1)CCC=C2,-4.35634767530572,-5.0084123819999995
C3098,c12c3cccc(OC)c3n(CCC[NH+](C)C)c1cccc2.C(O)(C([O-])=O)=O,-4.983253951642901,-4.990109174999997
C31,C(\C(F)(F)F)(Cl)=C/[C@@H]1[C@@H](C(O[C@@H](C#N)c2cc(Oc3ccccc3)ccc2)=O)C1(C)C,-7.602658264556714,-8.1800003
C3112,N1(CC(N(c2ccccc2)C(c2ccco2)=O)C)CCC(O)(c2ccccc2)CC1.Cl,-4.1386960490798055,-4.967713454999999
C3137,N1(CC)CC(CCN2CCOCC2)C(c2ccccc2)(c2ccccc2)C1=O.O.Cl,-4.111184526882853,-4.936639146999998
C3142,C(CCN(CCCC)C(C(=O)N)c1ccc(OC)cc1)C,-4.152353382083594,-4.929579352
C3146,C(CCNC)C1(c2ccccc2)CC(C)c2ccccc21.Cl,-4.6479505887587775,-4.9231876670000005
C3147,C(OC(OCC(Cl)(Cl)Cl)=O)C(Cl)(Cl)Cl,-4.5367284982362905,-4.921645025000001
C3162,CCn1cc(C(O)=O)c(=O)c2cc3c(cc12)OCO3,-2.7720440675395213,-4.911878059999999
C3184,C1CN(C)CC(CC2c3ccccc3Sc3c2cccc3)C1,-5.60367539577103,-4.881986982999999
C3199,C(OC1(Cc2ccccc2)CCCCCC1)CCN(C)C.OC(/C=C/C(O)=O)=O,-4.837015008078341,-4.8708357000000015
C3214,C12(CC(N(C)C)C)CC3CC(CC(CC(N(C)C)C)(C1)C3)C2.Cl.Cl,-5.164546001503898,-4.853247514
C3226,c1cccc2c1C(=NO)c1ccccc1-2,-4.679315722378942,-4.840277403
C3233,C(CCCCCCCCCCCCCC)COS([O-])(=O)=O.[Na+],-4.4806754071637815,-4.833880186
C3238,c1cc(O)cc(N(c2ccc(C)cc2)CC2=NCCN2)c1.O=S(C)(=O)O,-2.8100074482571835,-4.819473768
C3259,C1Cc2c(cccc2)N(CC(CN(C)C)C)c2ccccc21,-4.8340819757783775,-4.787215978000001
C3260,C(Nc1nc(OC)cc(OC)n1)(NS(=O)(c1c(Cl)nc2n1cccc2)=O)=O,-3.3425281510000957,-4.786441166
C3261,Cl.c12c(cc(O)cc1)[C@@]13[C@H]([C@@H](C2)N(CCc2ccccc2)CC1)CCCC3,-5.082659843538052,-4.786326328
C3294,Oc1c(C(CC)C)cc(C(C)CC)cc1,-4.139964769406478,-4.744017312000001
C3301,c1(C([O-])=O)ccc(C)c(N(CCCl)CCCl)c1.[Na+],-4.113447189864766,-4.740419518
C3303,C(CC(c1ccccc1)(C(OC(=O)C)CC)c1ccccc1)[NH+]1CCOCC1.[Cl-],-4.649595213552563,-4.739194295999999
C3316,N1(CCC23CC4CC(C2)CC(C4)C3)CCCCC1.Cl,-4.68544476431834,-4.710415785
C3325,c1(OCCCC)c(OC)cccc1C(=O)OCCO/[NH+]=C/CCC.[Cl-],-4.45206037650639,-4.699404651
C335,Fc1cc([C@@H](C(=O)O)C)ccc1-c1ccccc1,-3.9408253423926527,-4.489999799999999
C3354,C1C(C)N(CCCOC(=O)c2ccc(Br)cc2)CCC1,-4.877581859993506,-4.673876897
C3365,C(N(C)C)CC(C1CCCCC1)c1ccccc1.Cl,-3.7749129751653347,-4.6675731649999985
C3377,c1ccc(N(C(OCCN(CC)CC)=O)c2ccccc2)cc1.Cl,-3.6892587930435665,-4.655610491999998
C3381,c1cc(C(=O)C=Cc2ccc(OC)cc2)c(OC)cc1OC,-4.306848171960427,-4.6503874640000005
C3387,O=C1c2ccccc2Nc2ccccc2N1CCCN(C)C,-4.385383696447903,-4.641729997
C339,c1([N+]([O-])=O)cc(C(C)(C)C)c(OC(C)=O)c([N+](=O)[O-])c1C,-5.064999686832787,-4.469999800000001
C3399,O=c1cc(-c2ccc(OC)cc2)oc2c1c(OC)c(OC)c(OC)c2OC,-3.719814393613904,-4.631458919000001
C34,c12c(cc3ccccc3c1)-c1ccccc1C2,-6.757348239509314,-8.04
C3406,C1CN(CCCCCCOc2ccc(I)cn2)CS1.Cl,-4.505289153787907,-4.627889839999999
C3414,[C@@]12(C)C(=CC(=O)C=C1)[C@@H](F)C[C@@H]1[C@]2(F)[C@@H](O)C[C@]2(C)[C@]3(C(CO)=O)OC(C)(C)O[C@@H]3C[C@H]21,-4.86733646370501,-4.616199666
C3418,COc1ccc2c(c1O)CC[NH+](C)C2CCc1ccc(Cl)cc1.[O-]C(C(O)=O)=O,-4.990380451646707,-4.612345526000003
C342,CN(C)CCC=C1c2ccccc2CCc2c1cccc2,-5.04213592160485,-4.459999999999999
C3435,C(C)CCC(C)C,-3.5411860800795694,-4.596055676
C344,c1cccc(/N=N/c2ccccc2)c1,-3.563690745637494,-4.4499998
C3453,Clc1c2nc3c(cccc3)c(N)c2ccc1,-4.363712023654813,-4.580351812
C3456,c1(O)ccc(CNC(CCCCCCCC)=O)cc1OC,-4.344689096585955,-4.579853184999999
C346,C(CCC)CCC=C,-4.128820864928253,-4.4400001
C3469,O(c1cc(/C=C/C(=O)CCN2CCN(c3ccccc3Cl)CC2)cc(OC)c1OC)C.Cl.O,-4.598472134678464,-4.564934840000001
C3487,[Cl-].c1c(OC)c(OCC)c(C(=O)OCC[NH+]2CCCCC2)cc1,-3.343045809656909,-4.547807533
C3504,C(C)N(CCC(C1CCCCC1)(c1ccccc1)O)CC.Cl,-3.9660975895620023,-4.535846118
C3507,C1CCN(CCC(=O)c2ccc(OCCCCC)cc2)CC1.Cl,-4.762267834496835,-4.533969877999998
C3513,c1(-c2c(-c3ccccc3)oc(CCC(=O)O)n2)ccccc1,-4.026926675509316,-4.522664588999998
C3521,c12c(O)c3c(c(O)c1C[C@](C(C)=O)(O)C[C@@H]2O[C@H]1C[C@H](N)[C@H](O)[C@H](C)O1)C(=O)c1c(c(O)ccc1)C3=O,-3.4366889011097044,-4.514916676000003
C3526,c1cc(O)cc2c1C[C@@H]1[C@@H]3CCCC[C@@]32CCN1Cc1ccccc1.Br,-4.769482094040125,-4.506816402
C3545,C(COc1ccc2c([nH]c(NC(=O)OC)n2)c1)C,-3.299289166170839,-4.486953559999999
C3552,c1cc(-c2coc3cc(OC)cc(O)c3c2=O)ccc1O,-3.9071786645664806,-4.48138473
C3555,c1c(-c2nc3cc(CCC(=O)O)ccc3s2)cccc1,-3.8912076983104398,-4.480575961999998
C3577,CCC(N1CC2CCC(C1)N2C/C=C/c1ccc(OCC)cc1)=O,-4.084534101203024,-4.463398743
C3587,c1(-c2[o+]c3cc(O)cc(O)c3cc2O)cc(O)c(O)c(O)c1.[Cl-],-4.297112581497698,-4.455725391
C3594,c1(-c2nc3cc(CC(O)=O)ccc3s2)ccc(Cl)cc1,-4.645836977949223,-4.449106843000001
C3597,C(C(=O)O)C1(CC)c2c(c3cccc(CC)c3[nH]2)CCO1,-4.517913220579308,-4.446431704
C360,c1cc2c3c(sc2cc1)cccc3,-4.862617001774699,-4.380000099999999
C3613,S(S(=O)(=O)O)CCNCCCCCCCCCCCCC,-4.200905738370863,-4.423697615000001
C3616,C12=CC(=O)C=C[C@]1(C)[C@@H]1[C@@H](C[C@@H]2C)[C@H]2[C@](C)(C[C@@H]1O)[C@@](O)(C(=O)COC(=O)C)CC2,-4.247024726727053,-4.420972527
C3645,C1CNc2ccc(Cl)cc2C(c2ccccc2)=N1,-4.226017284231294,-4.392448356000001
C3651,c1cccc(Cl)c1C(c1ccccc1)N1CC2CCC(C1)N2C,-4.487756386739757,-4.387267621000001
C3664,c1(C(=O)NS(=O)(c2ccc(N)cc2)=O)cc(C)c(C)cc1,-3.7864558086523274,-4.37449017
C3668,c1c2c(cc(Cl)c1)C(c1ccccc1)=NCc1nnc(C)n1-2,-4.740258842834283,-4.372362409999999
C3672,c1cccc(N2C(=O)/C(=C/Nc3ccccc3)C(C)=N2)c1,-4.562941236775613,-4.371110146
C3691,c1c2c(nc(N3CCN(C(C4COc5c(cccc5)O4)=O)CC3)nc2N)cc(OC)c1OC.S(=O)(=O)(C)O,-3.5747489821384817,-4.354634599
C3731,c12c(cccc1)N1C(CC2)CN(CC(O)COc2ccc(Cl)cc2)CC1.Cl,-4.463048927631432,-4.31324279
C3736,C(CCC)N(CCOCCCOC(c1ccc(N)cc1)=O)CCCC,-4.990222042769795,-4.306645624
C3743,C(C1c2ccccc2Oc2ccccc21)(OCC[N+](C)(CC)CC)=O.[Cl-],-4.089450785979776,-4.300906401
C3747,C(O)(=O)/C=C\C(=O)O.C1C(CNC)OC2(c3ccccc3OCc3ccccc32)O1,-4.430431863871138,-4.29417848
C3766,O=C(CC)c1ccc(OCC(CN2CCN(c3ccccc3)CC2)OC(C)=O)cc1,-4.1344655009588465,-4.2748714900000016
C3770,COc1c(OC)cc(/C=C/C(CCN2CCN(c3ccc(OC)cc3)CC2)O)cc1OC.Cl.Cl,-3.97877626905835,-4.272872369
C3792,C1CC2(CC(=O)N(CCCCN3CCN(c4ncccn4)CC3)C(=O)C2)CC1,-3.273570109985426,-4.25664001
C3797,C1(=O)N(c2ccccc2)N(c2ccccc2)C(=O)C1CCCC.C1NCCNC1,-3.7296946597000513,-4.253645253999999
C3798,c1(C(=O)OC)nc(C)c2[nH]c3c(cccc3)c2c1,-4.188012712643688,-4.253580271000002
C3813,C1C2CC3CC1CC(CCC(C)N(C)C)(C3)C2.Cl,-4.174190896289179,-4.238466410999999
C3816,CC(C)OC(C1=C(C)NC(C)=C(C(=O)OCCOC)C1c1cc([N+]([O-])=O)ccc1)=O,-4.714602188235226,-4.2369276880000015
C3828,c1c(C2=NC(OC(=O)CCC(=O)O)C(=O)Nc3ccc(Cl)cc32)cccc1,-3.831501963006085,-4.227637498000001
C3837,c1([N+](=O)[O-])cccc(/C=C/CN2CC3CCC(N3C(=O)CC)C2)c1,-4.168089509632013,-4.218870505000003
C3849,[NH+](CC)(CCC1(C2CCCCC2)C(=O)Oc2c1cccc2)CC.[Cl-],-4.608800811444078,-4.207981297
C3850,Cl.C1c2c(cccc2)N2C(CN(CCC(=O)Cc3ccc(F)cc3)CC2)C1.Cl,-5.023997744796188,-4.207161899
C3860,C(Nc1nc(NCCN(CC)CC)nc(NCCN(CC)CC)n1)CN(CC)CC.Cl.Cl.Cl,-4.531967612832829,-4.196550341
C3868,N(CCCC)(CC(=O)N/N=C/c1oc([N+](=O)[O-])cc1)CCCC,-4.415337662064966,-4.192992086999999
C3872,c1cccc2c1-c1ccccc1C2(O)C(=O)OCC[NH+](CC)CC.[Cl-],-4.254697890230556,-4.191191859000003
C389,C#CCCCCCCC,-3.956763970948787,-4.2399998
C3890,C(CS)NCCCCCCOc1ncc(Br)cc1.Cl,-4.169590658948367,-4.182297211000001
C3891,C1(c2ccc(OC(C)(C(=O)O)C)cc2)CC1(Cl)Cl,-4.438403964989074,-4.179638328000002
C3892,C(NCCCC)(=O)/C(=C(\c1ccccc1)C)C,-4.050656256777998,-4.179557423000001
C3901,c1(CC)ccc2c(c1)C(=O)C(C[NH+]1CCCCC1)CC2.[Cl-],-4.439619210962318,-4.174488866
C392,C(Cl)(C=C(Cl)Cl)=C(Cl)Cl,-4.10712340336088,-4.230000000000001
C3930,c1ccncc1C(=O)OCC(COC(c1cnccc1)=O)(COC(c1cccnc1)=O)COC(c1cnccc1)=O,-4.427008331046285,-4.15297952
C3940,N(N(c1ccccc1)C(C(CCCC)C(O)=O)=O)c1ccccc1,-4.546179320422201,-4.147135117
C3962,N(C(=O)OC1CCCN(CC)C1)c1cccc(Br)c1,-4.085676968000386,-4.131027101999999
C3964,O=C(O[C@@H]1C[C@H]2[C@H]3[C@@](F)([C@]4(C)C(=CC(=O)C=C4)CC3)[C@@H](O)C[C@]2(C)[C@@]1(O)C(=O)COC(C)=O)C,-4.3095339352811735,-4.129665388
C398,c1c(C)ccc(S(=O)(=O)NC(NC2CCCCC2)=O)c1,-3.8002611012349736,-4.210000000000001
C3986,C(CCCCCCSCCCN1CSCC1)C.Cl,-3.8941833416370155,-4.115716338
C3987,N1(CCCCSCCCCCCC)CSCC1.Cl,-3.940549448092849,-4.115716338
C3996,S(c1ccccc1)(CCC1C(=O)N(c2ccccc2)N(c2ccccc2)C1=O)=O,-4.792945018611491,-4.112885983
C400,C(SP(OC(C)C)(=S)OC(C)C)CNS(=O)(c1ccccc1)=O,-4.390128632449872,-4.1999998
C4001,C(C(COc1c(Br)cccc1CCC)O)O,-3.57434869679353,-4.10896923
C4007,C1([NH+](C)C)c2ccccc2[C@@](c2ccccc2)(C(OC)=O)CC1.[Cl-],-4.117345270685349,-4.107545362999998
C4017,O=C(C)N(C[C@H](CO)O)c1c(I)c(N(C(C)=O)[C@@H](O)CO)c(I)c(C(=O)NC(CO)CO)c1I,-2.087657113940426,-4.1007705869999995
C402,C(CCC)OCN(C(CCl)=O)c1c(CC)cccc1CC,-5.104393816213674,-4.190000100000002
C4021,c1(Br)ccc(SCCCCCN2CSCC2)nc1.Cl,-3.977656350525674,-4.094136295
C4028,c1(/C=C/C(CCN2CCN(Cc3cccc(C)c3)CC2)=O)cc(OC)c(OC)c(OC)c1.Cl.Cl,-4.464309309639068,-4.090783965000002
C4030,O(C(=O)CC)C1(c2sccc2)CCN(CCCC)CC1.Cl,-3.702934939036181,-4.088036640000002
C4063,N=C(c1ccc(OCCCCCOc2ccc(C(N)=N)cc2)cc1)N,-4.038605107586087,-4.067236478
C4071,c1cc2c(cc1)S(=O)(=O)N(C)C(C(=O)Nc1noc(C)c1)=C2O,-2.8506621925716344,-4.0620325710000005
C4077,c1(N)nc2cc(Br)cc(Br)c2o1,-3.6362282138513202,-4.060444996
C4151,N1(CCC(O)(c2ccccc2)c2ccccc2)CCCCC1.Cl,-3.45536987066357,-4.002472376
C4219,C([NH2+]C)CCC1(c2ccccc2)c2c(cccc2)CCO1.[Cl-],-4.206891760744305,-3.94834874
C4259,c1nc(CSCCNc2ncc(Cc3ccc4c(c3)OCO4)c(=O)[nH]2)c(C)[nH]1,-4.427855435383466,-3.9140432970000005
C4266,C(=O)(O)CCC(OC(CCCC)c1ccccc1)=O,-3.4821985186561313,-3.9075839319999996
C4267,C(COc1c(C(C)=O)cccc1)(O)CN1CCN(c2cc(C(F)(F)F)ccc2)CC1,-4.044760933570175,-3.9056139550000006
C4269,c1ccc(F)cc1-c1oc2c(n1)cc(C(C)C(O)=O)cc2,-3.8894951954939483,-3.9050338229999997
C428,CC(C)(C(C1C(=O)c2c(cccc2)C1=O)=O)C,-2.7747644474972657,-4.110000100000003
C4282,P(=O)(Oc1cc(C(C)C)c([N+](=O)[O-])cc1)(OC)OC,-3.7706194333863365,-3.8943256729999995
C4283,c12ccccc1CCc1c(cccc1)C2=CCCNC.Cl,-4.934622369797404,-3.892561255999999
C429,S(CSCC)P(=S)(OCC)OCC,-3.343170325744862,-4.110000100000003
C4290,C(Cl)C[NH+](CCOc1c(OC)cccc1)CCOc1ccccc1OC.[Cl-],-4.550397286830119,-3.885447798
C4309,Cc1cc(/C=C/C(NO)=O)ccc1OCCCC,-3.6426072007628316,-3.8639853200000003
C4335,c1c(CC2=NCCN2)c2ccccc2cc1.[O-][N+](O)=O,-2.9394543333832837,-3.8522956789999996
C4372,O(CCCCC[N+]1(C)CCSC1)c1ncc(Br)cc1.[Cl-],-3.7809029822794105,-3.826674731
C4377,Cl.c1c(N2CCC(N(C)CCc3ccccc3)C2=O)cccc1.O,-3.2930269711537927,-3.8241631810000003
C4413,C(CO)N1CCN(CCC(N2c3ccccc3Sc3c2cccc3)=O)CC1.Cl.Cl,-4.069022701487488,-3.793083026999999
C4420,C12CC3CC(CC(C(=O)CBr)(C3)C1)C2,-3.814291289674159,-3.788007954
C4424,O(c1ccc([N+]([O-])=O)cc1[N+](=O)[O-])c1ccccc1,-4.241921372061909,-3.7835675460000004
C4437,O=C(CO)[C@]1(O)[C@@]2(C)C[C@H](O)[C@@]3(F)[C@@H](CCC4=CC(=O)C=C[C@]34C)[C@@H]2C[C@@H]1C,-4.097419655177389,-3.7709815110000013
C4439,c1c(N2CCN(CCC(=O)/C=C/c3cc(OC)c(OC)c(OC)c3)CC2)cccc1.O.Cl,-4.0164573217586605,-3.7687156300000004
C4463,C(C1Nc2c(cccc2)CC1)N1CCN(c2ccccc2)CC1,-4.189722519851042,-3.7561730329999996
C4466,C1N(CCCC)CCC(c2cccnc2)(OC(=O)CCC)C1.Cl.Cl,-3.3390622997849553,-3.753922721000001
C4467,c1ccc(COc2ccc(CC(O)=O)cc2Cl)cc1,-4.267243732137114,-3.7527254120000006
C4489,N1(CCC(c2ccccc2)(CC)C(=O)N)CCCCC1,-3.531517228197139,-3.7342462359999997
C4497,C(C)CCOCCNc1ccc(Cl)cc1C(=O)N,-3.541561535197381,-3.728600852
C453,CC(C)(C)Nc1nc(NCC)nc(SC)n1,-3.843870859163281,-4.0
C4535,c1(O)c(C(C)C)cc(C(C)C)cc1,-3.218769026450658,-3.7008620680000015
C455,[C@]12(C)CC[C@@H]3[C@@]4(C)CCC(=O)C=C4CC[C@H]3[C@@H]1CC[C@]2(O)C,-4.7966315211491395,-3.9900000000000007
C4557,C1C2C(Br)C(=O)C(C)(C1)C2(C)C,-3.4850916440392266,-3.693059672000001
C4563,C(NCCSS(=O)(O)=O)CCNc1ccc(C(=O)OCC)cc1,-1.8887437986017852,-3.687685964
C4572,CCN(CC(O)COc1c(C(C)C)ccc(C)c1C(=O)OC)CC,-3.87547793353323,-3.6800331720000004
C4579,c1(C=NNC(CN2CCN(C(N(CC)CC)=O)CC2)=O)oc([N+](=O)[O-])cc1,-3.3429173854898693,-3.674990168
C4601,C1CC(C)CC(C(CC)CNC(C)CSS(=O)(=O)O)C1,-3.421050294721313,-3.665410546999999
C4614,C/C(=C(\C)c1ccccc1)C(NCCC)=O,-3.5890923862359982,-3.6594767560000006
C4627,C(OC(C1(c2ccccc2)CCCC1)=O)CN(CC)CC.Cl,-3.974653854151394,-3.6545165250000013
C4638,c1ccc(P(c2ccccc2)(=O)c2ccccc2)cc1,-4.1175783953879455,-3.646816211
C4646,[C@H]12[C@H]3[C@](CCCC3)(c3cc(O)ccc3C1)CCN2CCN(CC)CC.Cl,-4.040501789478497,-3.6431147439999996
C4660,N(C(OCC(COC(=O)N)(C)C(C)CC)=O)CCC,-3.536940929533252,-3.633501683
C4672,N(C(OCC(c1ccccc1)(COC(N)=O)C)=O)CCC,-3.2451791556188923,-3.623147512
C4673,c1(S(Cc2ncc(C)c(OC)c2C)=O)[nH]c2cc(OC)ccc2n1,-4.246656139019594,-3.6230494119999994
C4675,C1CC(NCc2c(N)c(Br)cc(Br)c2)CCC1O,-3.814744590464179,-3.621207295000001
C4679,[C@@H]1(C)C2=CC(=O)CC[C@]2(C)[C@@H]2[C@@H](C1)[C@H]1[C@@](C)([C@@H](C(=O)C)CC1)C[C@@H]2O,-4.393590227029374,-3.6184712580000005
C468,O1c2ccc(N)cc2N(C)C(=O)c2c1ccc(C)c2,-3.82072104785838,-3.9300001
C4696,c1c(NC(=S)Nc2ccccc2)cccc1,-3.686098764092349,-3.610420173
C4716,c1ccccc1C1C(=O)N(c2ccccc2)NC1=O,-2.9558041398923747,-3.595419431
C4724,c1(CC)cc2c(s1)=NC(=O)CNC=2c1c(Cl)cccc1,-4.27455491111598,-3.5896874870000013
C4738,c1c(NN=C(C#N)C#N)cc(Cl)cc1,-3.603747698287714,-3.5801594370000003
C4746,[O-]C(=O)C.C(\[NH+](C)C(C)C)(N)=N/C(N)=N/c1ccc(Cl)cc1,-3.33695561865082,-3.5761069060000006
C4764,C1CCCC[NH+]1CCC1(c2ccccc2)C(=O)Oc2ccccc21.[Cl-],-4.1619207492565815,-3.565622149
C478,C1CC(C)CCC1,-3.933797518900341,-3.8499999
C4795,CC(C)(Oc1ccc(Cl)cc1)C(OCC)=O,-3.745559728543321,-3.545464275
C4801,c1(N)nc(C)ncc1CN(C=O)/C(=C(/CCOP(=O)(O)O)SC(c1ccccc1)=O)C,-3.354192599204656,-3.539114283
C4824,c1ccc(C(CCN2CCOCC2)(C(=O)CC)c2ccccc2)cc1,-3.8144466438519515,-3.5239048020000006
C4825,c1cc(N2c3c(ccc(C(F)(F)F)c3)N=C(N(C)C)CC2=O)ccc1,-4.085319834988328,-3.5237227110000005
C4826,C1N(C2S/C(=C/C(=O)OCC)N(C)C2=O)CCCC1,-2.6808081968875372,-3.5236542189999995
C4829,c1cccc(C(=CCN(C)C)c2c(C)cccc2)c1.Cl,-3.4615887119401703,-3.520117775000001
C4859,C(CC(C)=O)c1cc2c(cc1)cc(OC)cc2,-3.7390768757384305,-3.496297759
C4863,c1nc([N+](=O)[O-])n(C)c1/C=C(/[N+](=O)[O-])CCCC,-3.5041825916334197,-3.493032072000001
C4870,C1CC(=O)N(CCCCCCCC)C1,-2.93109045039429,-3.485615816000001
C4871,C12(CC)C(C)C(N(CC=C)CC1)Cc1ccc(O)cc12,-4.156911347885316,-3.4847144670000003
C4888,Cl.c1cc(C(=CCNC)c2ccc(Cl)cc2)ccc1,-3.4409070055135293,-3.4686707000000006
C4894,c1(N)cccc(C(OCCN(CC)CC)=O)c1OCCCC,-3.66350010427907,-3.464659681
C4907,O=S(Nc1ccccc1)(C(F)(F)F)=O,-1.8811464020919557,-3.448040303
C4911,c1ccc(C(=O)O)c(C(=O)Cc2ccccc2)c1,-3.3552477044262954,-3.4471905700000005
C4922,C(C1([C@H](CCC)C)C(=O)NC(=S)N=C1[O-])C.[Na+],-3.085695021501253,-3.4398571499999995
C4927,C(CC1(c2ccccc2)c2ccccc2C[NH+]1C)C[NH+](C)C.[Cl-].[Cl-],-3.6403177329781,-3.437984704
C4950,C1CCC[C@@H]2[C@@]13c1c(cccc1)C[C@H]2N(C)CC3.P(O)(O)(=O)O,-3.1373891297394056,-3.4200863099999994
C4955,c1cccc2c1c(C(=O)O)c1ccccc1c2,-4.6175364823258045,-3.4174091649999996
C4956,ClCCN(C(=O)N[C@@H]1[C@@H](OC(=O)C)[C@H](OC(=O)C)[C@@H](C)O[C@@H]1OC(=O)C)N=O,-2.957693639969013,-3.416578012
C4958,Cc1c2n(C)c3ccccc3c2cc[n+]1CCC[N+]1(C)CCCC1.[Br-].[Br-],-1.4768139666435718,-3.414696652999999
C4968,C1CCCCN1CN1C(=O)NC(=O)C(CC)(c2ccccc2)C1=O,-3.6812172090620843,-3.403780229
C4976,c1ccc2c(c1)[C@H](NC)CC[C@H]2c1ccccc1.Cl,-3.2170531821513246,-3.4000132750000014
C4977,C1[C@@H](c2ccccc2)c2ccccc2[C@@H](NC)C1.Cl,-2.9026513123265776,-3.4000132750000005
C4978,[C@@H](c1ccccc1)(C(N[C@@H]1C(=O)N2[C@@H]1SC(C)(C)[C@@H]2C(=O)O)=O)NC(N1C(=O)C(=O)N(CC)CC1)=O,-3.570782456992319,-3.398827878
C4980,c1c(OC)c(OC)cc(C2CN3C(CC2)CCCC3)c1,-3.6001670263146317,-3.398558635
C4986,Cc1c(NC(=O)C(CC)N(CC)CC)c(C)ccc1.Cl,-3.648763647039511,-3.396279295
C4999,c1(C)cc(OCC2OC(=O)NC2)cc(C)c1,-2.6746834747314483,-3.387192015
C500,c1c2c(cc(C)c1)cccc2,-3.8569608192940885,-3.77
C5007,C(=O)(N(CCC)CCC)C(NC(c1ccccc1)=O)CCC(O)=O,-3.5945412906699667,-3.3806478
C5008,C(CCCNCCSS(=O)(O)=O)CCCCCCC,-3.1150804785152952,-3.379513291
C5015,C(CCN)CCCCCCCCC,-3.7388291468772357,-3.375909703
C5049,O=c1c2c(OCC(COc3cccc4oc(C(=O)O)cc(=O)c43)O)cccc2oc(C(O)=O)c1,-3.1077810820879845,-3.3483697750000005
C5054,C(C)N(CC)C(C)C(Nc1c(C)cccc1C)=O,-3.141701909669923,-3.3435607469999997
C5078,C1Cc2cc(OC)c(OC)c(OC)c2CC(NC(=O)OC)C1,-2.9858358759788737,-3.326114111
C5085,C(CN1CSCC1)CSc1ncc(Cl)cc1Cl.Cl,-3.4051967241354726,-3.32388695
C5103,c1(C(C)=O)ccc(-c2ccccc2)cc1,-3.6519071529847418,-3.310355279000001
C5112,N(CCOC(C(CC)c1ccccc1)=O)(CC)CC.Cl,-3.1654757844310923,-3.3037018380000003
C5127,c1cc(Cl)cc(Cl)c1C1(C(=O)N)OC1Cl,-3.215321572205675,-3.2921615810000007
C5154,C1C2(CCC/N=C(\CS)N)CC3CC(CC1C3)C2.Cl,-3.5807964055145947,-3.2771864599999994
C5176,c1(C)cccc(C)c1NC(c1c(=O)[nH]ccc1)=O,-3.122715841384458,-3.262098102
C5189,c1c(Cl)ccc(C(CBr)=O)c1,-3.1071756906262156,-3.252988834
C5201,n1(C2CCCC2)c(=O)n(C)c(C)c(Br)c1=O,-3.3308679274703707,-3.2380113349999995
C521,O[C@H]([C@@H](Cn1c2c(cc(C)c(C)c2)nc2c(=O)[nH]c(=O)nc1-2)O)[C@H](CO)O,-2.711784347818545,-3.6800001
C5223,C1CC(N(c2ccccc2)C(=O)CC)CCN1CCc1ccccc1,-4.3388232031962275,-3.225927969
C5265,c1(C(O)=O)cc(-c2ccccc2)nc2ccccc12,-4.530966062897941,-3.192548289
C5268,C(C)CC(C(C)NC(=O)C)CCC,-3.002071093606358,-3.1887199539999984
C5284,O=C(O)/C=C/C(O)=O.c1(C(=O)C(CN2CCC2)c2ccccc2)ccccc1,-3.217385463092196,-3.174872402
C5285,C(N(CC)CC)CSC(N(c1ccccc1)c1ccccc1)=O,-3.94608042971708,-3.1738809569999993
C530,O1c2c(cccn2)C(=O)N(C)c2ccccc21,-3.2173852228752917,-3.6700000999999998
C5307,c1(N2CCN(CC(COc3c(C)cc(C(C)=O)cc3)O)CC2)ccccc1,-3.2738519677141134,-3.1581704080000006
C531,C(c1ccccc1)(C)(C)C,-3.5022207368612235,-3.6600000999999995
C5314,c1cccc2c1C=CCN2C(=O)C(F)(F)F,-3.082442147582466,-3.154984441
C5335,c1cc(Br)cnc1OCCCCNCCS.Cl,-3.059015974200624,-3.1426996910000007
C5336,O=C(Nc1cc(Sc2ccccc2)ccc1N/C(=N\C(OC)=O)NC(OC)=O)COC,-5.305196392813328,-3.1422140239999994
C5341,C(/N=C(/CSS(O)(=O)=O)N)CCc1c2ccccc2[nH]c1,-2.758543223331278,-3.140352866
C5345,[C@@]12(C)[C@@](O)([C@H]3[C@@H]([C@@]4(C=O)CC[C@H](O[C@H]5[C@@H](O)[C@H](OC)[C@@H](O)[C@H](C)O5)C[C@H]4CC3)CC1)CC[C@@H]2C1=CC(=O)OC1,-4.11618530479148,-3.137253574
C5364,CCC(COC(C)=O)(CC)COC(=O)C,-2.4848403202247478,-3.1254953020000005
C5369,C(=O)(SCCN(CC)CC)C(c1ccccc1)c1ccccc1.Cl,-4.217701928393959,-3.115430360999999
C537,n1c(OP(OCC)(OCC)=S)nn(C(C)C)c1Cl,-3.9446416068010803,-3.6600001000000004
C5370,c1cccc2c([C@H]([C@H]3N4CC[C@@H](C3)[C@@H](C=C)C4)O)ccnc12.c12nccc([C@H]([C@@H]3C[C@@H]4CCN3C[C@@H]4C=C)O)c1cccc2.OS(O)(=O)=O,-2.236537351600478,-3.115062656
C5375,CC(C)NC(OCC(CC)(COC(N)=O)CC)=O,-2.9456915439915146,-3.1123348510000004
C5377,c1(/C=C/C(=O)OCCCN(CC)CC)ccccc1,-3.2421908186823716,-3.1118960440000003
C5387,Cc1cc(C)c(C(O)=O)cc1C,-2.6834540566480074,-3.108173736
C5389,c1cccc(NC(=O)CN2CCCCC2)c1,-2.3183065380806154,-3.1075841449999997
C5415,C([C@@H](c1nc(N)c(C)c(C(=O)N[C@H](C(N[C@@H]([C@H]([C@H](C)C(N[C@@H]([C@@H](C)O)C(NCCc2scc(-c3scc(C(=O)NCCC[S+](C)C)n3)n2)=O)=O)O)C)=O)[C@H](c2cnc[nH]2)O[C@@H]2O[C@@H](CO)[C@@H](O)[C@H](O)[C@@H]2O[C@@H]2[C@@H](O)[C@@H](OC(=O)N)[C@H](O)[C@@H](CO)O2)n1)NC[C@@H](C(=O)N)N)C(=O)N.[Cl-],-5.810264503993018,-3.093483047
C543,c1cc(Br)ccc1Cl,-3.3449041575961735,-3.6300001
C5438,c1(C)cc(Br)cc(C)c1O,-2.8229923020588403,-3.0754454539999996
C5445,N1c2ccc(Cl)nc2C(c2c(Cl)cccc2)=NC(O)C1=O,-3.271593253130984,-3.0703008189999994
C5450,C(F)(F)(C(F)F)C(F)Cl,-3.3546851404063203,-3.0682142160000003
C5460,C(Oc1cc(CC(OC(C)=O)NC(C)C)cc(OC(C)=O)c1)(C)=O,-2.759179797793768,-3.06421606
C5478,C(C[NH+](CCCl)CC)Oc1ccc(C)cc1.[Cl-],-2.9540172764430546,-3.053448571999999
C5480,C(Oc1ccc(/C=C/C(=O)NO)cc1Cl)C,-2.984542590027079,-3.052810784
C5487,N1(C)[C@H]2C(O)c3ccc(OC)cc3[C@]3(CC1)CCCC[C@@H]32.Cl,-2.9299148384174614,-3.047960641000001
C5496,O(CC(C)(COC(NCC=C)=O)CCC)C(=O)N,-2.9725172922119305,-3.0429387949999995
C5498,CCC(C(C)(COC(N(C)C)=O)COC(N)=O)C,-2.668782920092435,-3.0426189049999994
C5499,C(CC/N=C(\N)CSS(O)(=O)=O)COc1ccccc1,-2.7336415213365166,-3.0420834140000004
C5505,CC(Nc1c2sscc-2n(C)c1=O)=O,-1.464463873052518,-3.0362561790000013
C5508,[C@]123CCN(CC)[C@H](Cc4c1cc(O)cc4)[C@@H]2CCCC3.Br,-3.1452737459227267,-3.033714778999999
C5516,Cl.c1(-c2ccc(S(=O)(=O)C)cc2)nc2n(c1)cccc2,-2.6968862233470623,-3.0302566750000004
C5528,C(N(C)C)CN(c1nccs1)Cc1ccc(OC)cc1.Cl,-2.6449956215603847,-3.021548411
C5529,C1(COc2ccccc2)CCNC(=S)O1,-2.2038414753571365,-3.020489651
C5536,c1c2c(cc(C)c1)N(CC[NH+](CC)CC)C(=O)C(C)O2.[Cl-],-2.8880366951759613,-3.019648325999999
C5542,C(CCN1CCSC1)COc1ccc(Br)cn1.Cl,-3.0935953472116213,-3.0158843639999997
C555,c1cccc2c1N(NC(=O)c1ccc(Cl)c(S(N)(=O)=O)c1)[C@H](C)C2,-4.87956436099325,-3.5899998999999996
C5559,C#CCNC(OCC(COC(=O)N)(C)CCCC)=O,-2.9528597990258283,-3.0086467800000007
C5588,OC(c1ccccc1)(C(OCC[NH+]1CCCC1)=O)c1ccccc1.[Cl-],-3.2245287942921537,-2.984516512
C563,Brc1cccc(Br)c1,-3.5019837137306946,-3.54
C5640,c1ccc(C2(CCCN(C)C)OC(=O)c3ccccc32)cc1.Cl,-2.8751794089728087,-2.950385795
C565,N(C)(C)C(Nc1ccc(C(C)C)cc1)=O,-2.854350470057895,-3.5400000000000005
C5663,O(C(c1ccc(O)cc1)=O)CC(C)C,-2.4389383540014995,-2.9380682919999996
C5666,c1(CC(N)c2ccc(OC)cc2)ccc(OC)cc1,-2.958436519482987,-2.9362792360000003
C5670,c1ccc2c(c3ccc(C(CN)O)cc3cc2)c1.Cl,-2.1841383563068164,-2.9335793249999997
C5688,c1c(C)c2ccccc2nc1OCCCCNCCSS(=O)(O)=O,-2.91369252031311,-2.9174890870000008
C5695,n1c(NCC)nc(CC)nc1OC,-2.4948544298671154,-2.9142597750000006
C570,Clc1ccc(NC(N(OC)C)=O)cc1Cl,-3.719328804013987,-3.5199999999999996
C5702,n1ccc(C)cc1OCCCCCNCCS.Cl,-2.52082974266571,-2.9085746340000003
C5710,c1ccc2c(N)c3ccc(=O)cc-3[nH]c2c1,-3.0250129313089595,-2.906066557
C5719,c1cc(Cl)cc2n(C)c(=N)oc12,-2.71217091102582,-2.9016819160000002
C5756,C(CCC)C1(CCCC)C(=O)NC(=O)NC1=O,-2.935690176157656,-2.8756091959999996
C5757,CC(c1cc(OCC(O)CN2CCN(c3cccc(OC)c3)CC2)ccc1)=O,-2.791223181127819,-2.8755992859999995
C5761,c12n(CCOC(C)=O)c3cc(C)c(C)cc3nc-1c(=O)[nH]c(=O)n2,-3.3602343659492035,-2.8738434010000007
C5792,c12ccccc1cccc2C(C(=O)N)Cc1occc1,-3.982850535155121,-2.8555551860000006
C5802,c1c(C(=O)Nc2ccc(O)cc2)c(O)ccc1,-2.61191258313712,-2.8494679169999992
C5806,Oc1c2c(ccc1)[C@H](C)[C@H]1[C@H](O)[C@H]3[C@H](N(C)C)C(=O)C(C(=O)N)=C(O)[C@@]3(O)C(=O)C1=C2O,-2.3953022002263915,-2.848472588999999
C5810,C(C(=O)O)CC(OCn1c2cc(Cl)ccc2oc1=O)=O,-2.440852401403444,-2.845189340000001
C5813,C(NCC(O)COc1ccccc1)C1CCc2c(cccc2)N1.Cl.Cl.O,-3.0271950740527074,-2.842247597
C5816,N(CC)(CC)CCN1C(=O)CC(CC)(CC)CC1=O.Cl,-2.954613940498649,-2.838676766
C582,C(/C=C\C(N1CCCCC1)=O)=C\c1cc2c(cc1)OCO2,-4.343801434481751,-3.46
C5821,C(=C)CN1CCC23C(C1Cc1c2cc(O)cc1)CCCC3.C(C(=O)O)(C(O)C(=O)O)O,-4.372845540374567,-2.835586404
C5841,S(=O)(c1cc(OC)c(OC)c(OC)c1)(=O)CCN(C)Cc1ccccc1,-2.9345649704208787,-2.820266711000001
C5862,c1c(CC(NNC(c2noc(C)c2)=O)C)cccc1,-3.398121248355758,-2.8031574110000004
C5863,C(OCC(COc1ccccc1)OC(=O)C)(C)=O,-2.217051653036559,-2.8030682309999997
C5887,Nc1sc(-c2ccccc2)c(N)n1,-2.096660702148475,-2.7878691829999998
C5888,c1cccc2c1C(=O)N(C(=O)OCC)C2=O,-2.5384728734988906,-2.7868283039999993
C5889,CCN(CC)CCCC(NCC1CC2CCN1CC2)C.O=P(O)(O)O.P(O)(O)(=O)O.OP(O)(O)=O,-2.4696670966509777,-2.785971023
C5895,c1(=O)[nH]c(=O)[nH]nc1-c1oc([N+](=O)[O-])cc1,-2.110332643419757,-2.7823021420000003
C5900,O(CC(NCCN(CC)CC)=O)c1ccc(OC)cc1,-2.214476240924626,-2.776185373999999
C5902,C(COc1cc(CCC)ccc1)(CO)O,-2.5369671758771783,-2.775008785
C5910,O(CCC)c1ccc(/C=C/C(NO)=O)cc1,-2.626572604940362,-2.7731862250000003
C5923,c1cccc(C(c2cccs2)(O)C(OC2CN(C)CCC2)=O)c1,-2.9358338487492834,-2.7660434680000017
C5934,c1c(Cl)cc2nc(NC)oc2c1,-2.700269419949979,-2.7632068439999995
C5942,c1(-c2c(OCC[N+](C)(CC)CC)cccc2)ccccc1.[I-],-2.217045802389888,-2.75565002
C5948,C(n1c(=O)n(C)c(C)c(N(C)C)c1=O)c1ccccc1,-2.3429200537364037,-2.750060565
C5957,C(c1ccccc1)(C(c1ccccc1)CN1CCN(C)CC1)=O.Cl.Cl,-3.0778790034877392,-2.7449893849999993
C5963,c1c(N2C(=O)CC(N)=Nc3ccc(C(F)(F)F)cc32)cccc1,-3.709296588890259,-2.7422533839999987
C597,C(Cl)(=C)CSC(=S)N(CC)CC,-3.1923267135289497,-3.3900001000000004
C5974,N1(C)C(=O)C(C2=CCCCC2)(C)C(=O)NC1=O,-2.5454695273157095,-2.734921162000002
C5987,Brc1cc2oc(N)nc2cc1,-2.398923310278384,-2.7263889310000002
C6005,N(CC)(CC)CC(C)(C(c1ccccc1)=O)C.Cl,-2.383834225752628,-2.7109035510000004
C6007,COc1cc(/C=C/C(=O)N2CCN(CC(N3CCCC3)=O)CC2)cc(OC)c1OC,-2.8579439169134773,-2.710625608
C6012,CCCCCCC(COC(=O)N)COC(=O)N,-2.923340599338452,-2.707529641
C6017,CC(c1ccc(CC(=O)NO)cc1)(C)C,-2.724429342721927,-2.7037588560000003
C6039,S(=O)(=O)(SC/C(N)=N/CCSCc1ccccc1)O,-2.5485169608403413,-2.6908335420000005
C6055,N(N(CCCl)C(=O)NC1CCCC1)=O,-2.693044507206584,-2.682042698
C6062,NS(=O)(=O)c1c(Cl)cc2c(c1)S(=O)(=O)NC(C(Cl)Cl)N2,-3.5894687525506606,-2.6774233080000003
C6074,C(Nc1c(C)n(C)n(-c2ccccc2)c1=O)(=O)C(C)N(C)C,-2.089665836378786,-2.672609455
C6086,C(CN1C(=O)C(C)Oc2ccc(Cl)cc21)([NH+](C)C)C.[Cl-],-2.516163131752359,-2.665249179
C6096,c1cc2c(cc1)Sc1c(cccc1)N2CC(N(C)C)C.c1(=O)n(C)c(=O)n(C)c2nc(Cl)[nH]c12,-4.701527168277816,-2.660700157
C6100,O=C1C(CC=C)([C@@H](C)CCC)C(=O)N=C([O-])N1.[Na+],-2.133857708067502,-2.659547604
C6108,c1cccc(C(OCC[NH+](C)C)c2sccc2)c1.[Cl-],-2.716584246725218,-2.655099067
C6109,C[NH+](C)CCOC(c1c(OCCCC)c(OC)ccc1)=O.[Cl-],-2.9137562027101485,-2.654637482
C6116,Br.N1(C)C(=O)C(c2ccccc2)(CC)C(=O)N(CNC(N)=S)C1=O,-2.518462053277866,-2.651288471
C612,c1c2c(cccn2)c2c(cccc2)c1,-3.7583398825890004,-3.3599999000000005
C6128,O(c1cc(CC(=O)OCCC)ccc1OCC(N(CC)CC)=O)C,-3.61847789749863,-2.6443906979999996
C6130,c1(/N=N/N(C)C)ccc(F)cc1,-2.3941056967463417,-2.6434189080000006
C6131,[C@@H]1([C@@H]([C@@H](C)O)NC([C@@H]2C[C@@H](CCC)CN2C)=O)[C@H](O)[C@H](O)[C@@H](O)[C@@H](SC)O1,-2.4663119709651875,-2.6418808760000005
C6135,C(/C=C/N1CCCCCCC1)=C\C=[N+]1CCCCCCC1.[Cl-],-3.109207249227147,-2.637897582
C6140,C(N(CC)CC)C(NCc1ccccc1)=O,-1.9905281569402251,-2.6354758420000004
C6146,O(CN1C(=O)C(c2ccccc2)(CC)C(=O)N(C)C1=O)C,-2.449191212032911,-2.6297283469999995
C616,N(c1nc(N(C)C)nc(N(C)C)n1)(C)C,-2.769728515912838,-3.359999899999999
C6164,C(=O)(/C(=C(/C)c1ccccc1)C)NC,-2.6266646196717716,-2.616188768
C6166,O=C1[C@@H](NC(=O)CSc2ccncc2)[C@@H]2N1C(C(=O)O)=C(COC(C)=O)CS2,-1.7135404334363684,-2.614817238
C6168,C(=C/C(N1CC2CCC(N2C)C1)=O)\c1ccccc1,-2.7039149928589,-2.6129516099999996
C6170,O(C(N)=O)CC(C)(C(CC)CC)COC(N)=O,-2.5132630678164327,-2.612602300000001
C6177,c1c(Cl)c(C(OCCN(CC)CC)=O)ccc1N,-3.0148599727789223,-2.6095621540000002
C6184,c1(-c2ccccc2)[nH]ccc1,-2.4576497826716883,-2.60348481
C6221,C(=O)(OCC[N+](CC)(CC)C)Cc1ccc(-c2ccccc2)cc1.[I-],-2.932023035827086,-2.5809000800000006
C6228,C(c1ccccc1)[C@@H](N(Cc1ccccc1)C)C.Cl,-3.220731070156928,-2.574338431
C623,c1(C)cc(C)c(C)cc1,-3.158338716508209,-3.3099998999999998
C6246,C12CN(C(=O)c3ccc(Cl)cc3)CC(CC1)N2C,-2.9162203467512415,-2.5667164289999995
C6259,c1cc(SCC/N=C(/CSS(=O)(O)=O)N)ccc1,-2.4283632233846917,-2.560479598
C6283,C(CF)CCBr,-1.9475437859817446,-2.5443482790000003
C6285,C1(C(=O)O)=CC(=O)C(C)(c2ccccc2)O1,-1.9770444106242773,-2.5409110049999994
C6289,O(C(NN)=O)CC(CC)(COC(NN)=O)CC,-1.6971535760864969,-2.5400339619999994
C6292,c1c([N+]([O-])=O)oc(C(=O)OCCC)c1,-2.4857865943728115,-2.538783995
C6295,CC12CC(N(C)CC1)Cc1ccccc12.Cl,-2.8145368871135026,-2.538570445999999
C6297,C1N(C(Cc2ccccc2)CCC)CCC1.Cl,-3.403758866909088,-2.5370480859999995
C6300,c1c2c(n(C)c(=O)o2)cc(Cl)c1,-2.086383603417677,-2.5354976050000007
C6307,Nc1nc2cc(Cl)ccc2o1,-2.0831615977237035,-2.5321131230000007
C6322,[Cl-].c1ccc[n+](CCCCCCCCCCCCCCCC)c1,-2.581569125256611,-2.5220178019999997
C6344,O=c1n(CC=C)c(C)c(N(C)C)c(=O)n1-c1ccccc1,-2.5063719712642323,-2.51108806
C6345,CC(C)N1C(=O)c2c(cccc2)CS1(=O)=O,-1.9868696508000028,-2.510866373
C6354,O=c1[nH]c(=O)c(Br)cn1[C@H]1C[C@H](O)[C@@H](CO)O1,-1.6862996835869697,-2.50203304
C6362,C(C)CCOC(c1occc1)=O,-2.279760418923616,-2.4981014509999997
C6371,C1C2C(NCC)C(c3ccccc3)C(C2)C1,-3.1825140614635132,-2.4964841670000006
C6375,C(COc1ccc(S(=O)(=O)CC)cc1)(CN1CCN(c2ccccc2)CC1)O.Cl.Cl,-2.682593864133248,-2.4942282890000005
C6377,S(=O)(C)(O)=O.C(CN(C(CCC(=O)NCCCCCN(C(=O)CCC(=O)NCCCCCN(O)C(=O)C)O)=O)O)CCCN,-2.1523755240325393,-2.49314608
C6385,c1(/C=C/C(NO)=O)cc(OC)c(OCC=C)cc1,-2.292012924923992,-2.488178043
C6388,C(CC(COC(NCC#C)=O)(C)COC(=O)N)C,-2.3866044758599436,-2.4865457180000003
C639,c1cc(N2N(c3ccccc3)C(=O)C(CCC(=O)C)C2=O)ccc1,-3.223965679220056,-3.27
C6404,[O-]C1=NC(=O)C(CC=C)(CC(C)C)C(=O)N1.[Na+],-1.6231918246833639,-2.472284038
C6410,[Na+].O=S([O-])(Oc1ccc(C(c2ccc(OS([O-])(=O)=O)cc2)c2ccccn2)cc1)=O.[Na+],-2.6985822351501287,-2.468458309
C6418,C1CCC=C(N2CCCCC2)C1,-2.626826402005602,-2.4600656819999998
C6434,C(Oc1c(N2CCN(CC3OC(N)=NC3)CC2)cccc1)C,-2.4681306707497903,-2.453241317
C6436,c1cc(CNCCNCc2ccccc2)ccc1.C(=O)(C)O.C(O)(C)=O,-2.5168054555071286,-2.45304614
C6442,C1(N)=NCC(CSc2ccc(OC)cc2)O1,-2.3190044708550683,-2.4513055620000004
C6453,N(c1nc2ccccc2s1)=C(N)N,-1.8629979752836363,-2.441234541
C6458,c1([N+]([O-])=O)cn(CCCl)c(C)n1,-2.3829015397033615,-2.4396168210000004
C6460,c1c(CCCl)n(C)c([N+](=O)[O-])n1,-2.2324224973391416,-2.4396168210000004
C6469,C1c2c(cccc2)C(C(=O)N)c2cccnc2C1,-3.3212638699136576,-2.4341062059999996
C6478,Oc1ccc(N(C)C(C(Cl)Cl)=O)cc1,-2.3404930336715806,-2.42824316
C6489,CC(C(O)=O)(NC(N(CCCl)N=O)=O)C,-1.7958657971831378,-2.4199913869999996
C6493,c1c(C)ccc2c1OCO2,-1.844449009072647,-2.41717989
C6499,c1c(CC/N=C(\N)CSS(O)(=O)=O)cc(OC)c(OC)c1,-2.138516530352152,-2.413683051999999
C6500,c1c(CCC)c(N)ccc1,-2.014547053133774,-2.4134215480000005
C6505,C1CCC(C[C@H](NC)C)CC1.Cl,-1.523940215644475,-2.4041977230000002
C6509,[Cl-].C1[NH+](CC(=O)N/N=C/c2oc([N+]([O-])=O)cc2)CCOC1,-1.942826055533242,-2.403030582
C651,C(=C/I)\I,-2.097183665713061,-3.22
C6525,C(F)(C(C(F)(F)F)(C(C(=O)OCC)C(OCC)=O)O)(F)F,-2.3682296081643193,-2.3928980560000013
C6528,c1cccc(CNCCNCc2ccccc2)c1.Cl.Cl,-2.482995531367188,-2.3921095269999992
C6543,c1c(CC[NH2+]CC(O)COc2cc(C(C)=O)ccc2)cccc1.[Cl-],-2.8449182084828024,-2.3765707630000006
C6554,C1(NCCOc2ccccc2Cl)CC1.Cl,-1.9323953371302565,-2.369403164
C6561,c1(=O)n(C)c2ncn(CC(O)=O)c2c(=O)n1C,-0.9579966448403476,-2.3662233609999994
C6579,O1CCN(Cc2c(OC)ccc3c(=O)c(C)c(C)oc23)CC1,-2.486011411011272,-2.358103811
C6589,c12ccccc1[n+](C)c1c(ccc(N)c1)c2.[Br-],-0.46932517296024656,-2.3505725210000006
C6590,Nc1c2ccccc2[n+](C)c2ccccc12.[Br-],-0.42450657740190806,-2.350572521000001
C6594,N1(CC)C(C(Nc2c(C)cccc2)=O)CN(CC)CC1.N(=O)O.ON=O,-2.569063774470412,-2.347414667
C6597,O(C)c1c(OCC)ccc(Cc2c(N)nc(N)nc2)c1,-2.2797995260260153,-2.345543176000001
C6598,c1c(C(O)C2CC3CC[NH+]2C/C3=C/C)c2c([nH+]c1)ccc(O)c2.[Cl-].[Cl-],-2.9124653847356554,-2.345507434
C6599,c1c(Cl)cc(C#N)cc1,-2.2585850053472836,-2.345279631
C6602,C(c1cc(OC)c(C(=O)C)c(OC)c1)c1c(N)nc(N)nc1,-2.2236522246267847,-2.3444009069999994
C6605,C(C)CCNc1ccc(O)cc1,-1.8978465587042972,-2.3415981429999997
C6614,c1oc2c(c3c(ccc(=O)o3)cc2)c1,-2.70673614455645,-2.3356039610000003
C662,Clc1c(Br)cccc1,-3.187043702774976,-3.1900001000000002
C6621,c1c(Cc2cc(OC)c(C(=O)OC)c(OC)c2)c(N)nc(N)n1,-2.327473483450934,-2.332913502
C663,Brc1ccc(C)cc1,-2.9408640905474814,-3.1900001000000002
C6646,CC(O)CNC(C)(Cc1ccc(Cl)cc1)C,-2.3462728749331654,-2.315196789
C6650,C(Nc1ncc(C)cc1)(=O)c1ccc(N)cc1,-2.5236553055975985,-2.3112133999999998
C6651,c1(NC(=O)c2ccc(N)cc2)cc(C)ccn1,-2.4820951350947236,-2.3112133999999998
C6655,Oc1c(C)cc(C)c(C)c1,-2.072791169471596,-2.309641647
C6661,N#C/N=[N+](/c1ccccc1)[O-],-2.014287229208704,-2.3041611029999998
C6683,c12cc(O)ccc1C[C@H]1N(C)CC[C@]23[C@H]1CCCC3.P(O)(O)(O)=O,-2.239455051157015,-2.285864161
C6702,O=C1C(CCCC)(CC)C(=O)NC(=O)N1.[Na],-2.370329987118715,-2.271138779
C6714,O(C(CC(=O)OC(CC(O)=O)CCCCCCC)CCCCCCC)C1C(O)C(OC2OC(C)C(O)C(O)C2O)C(O)C(C)O1.O,-6.63953986790884,-2.266599376
C6719,CC(CC(C)=NO)C,-1.174940705667456,-2.2647876580000004
C6720,C(CCCNCCSS(=O)(=O)O)Cc1ccccc1,-2.2206727586994077,-2.264581729
C6747,c1cc(C(OCCCN2C(C)CCCC2)=O)ccc1.Cl,-3.014478164969272,-2.248648952
C6763,C(C12CC3CC(CC(C1)C3)C2)/N=C(\CS)N.Cl,-2.513288860499917,-2.24044025
C6766,C(C)[N+](CCOC(=O)C(c1ccccc1)C(C)CC)(C)CC.[Br-],-2.055489604953287,-2.239092696
C6767,N(P(N1CC1)(N1CC1)=O)(OC(C)=O)C(OCC)=O,-1.2109555472407367,-2.238699892
C6772,C1(CO)OC(=O)N(c2cc(C)ccc2)C1,-1.2406424665316835,-2.236546064
C6789,c1(Br)c(C)[nH]nc1C,-1.8962657228780706,-2.221920737
C6791,c1c(C(=O)CCCN(CC)CC)cccc1,-2.2182694391777846,-2.2205201469999998
C6802,C(CN(CCCl)CCCl)(C)C.Cl,-2.0453141734105804,-2.2119451519999993
C6803,C[C@H]1O[C@@H](O[C@H]2/C=C/C=C/C=C/C=C/C[C@@H](C)OC(=O)/C=C/[C@H]3O[C@@H]3C[C@H](O)C[C@]3(O)C[C@H](O)[C@@H](C(O)=O)[C@@H](O3)C2)[C@@H](O)[C@@H](N)[C@@H]1O,-2.749752114731394,-2.210516209
C6823,c1(Cl)c2c(oc(N)n2)ccc1,-2.0846605419643787,-2.1933822940000005
C6826,CCC(C1(CC)C(=O)NC(=O)NC1=O)C,-2.1457720172019092,-2.192349776
C6835,OC(=O)c1c(C)cccc1C,-2.12838722368018,-2.1846246330000003
C6837,C([Hg]OC(C[S-])=O)CCC.[Na+],-1.4749872082665392,-2.183526436
C6841,C(CCC)Sc1ncnc2nc[nH]c12,-3.0340358200979733,-2.1819332569999994
C6847,c1cc(C=NNC(CN2CCN(C(=O)C)CC2)=O)oc1[N+]([O-])=O,-2.780721375067643,-2.1771793209999997
C6851,c1(C2=c3cc(Cl)ccc3=N/C(=N\C)CN2O)ccccc1,-3.6177844320454935,-2.175740787
C6858,c1c(/C=C/C(=O)OC)ccc(O)c1OC,-1.9066665263110165,-2.1723798059999995
C6866,C([C@@H]1C2[C@@H]3[C@]4(C)[C@@](O)(CC5O[C@@]45C(=O)O3)C1C(=O)O2)(=C)C.[C@]12(C)[C@]3(O)C4C(=O)OC([C@H]4C(C)(O)C)[C@H]1OC(=O)[C@]21O[C@@H]1C3,-1.9141626980761834,-2.167237336
C6867,Cn1c(=O)n(C)c2ncn(C)c2c1=O.C(CC(O)=O)(CC(O)=O)(C(=O)O)O,-1.0089232304421905,-2.16698806
C6868,C1CC[N+](=C/C(C)=C/C=C/N2CCCCCC2)CCC1.[Cl-],-2.2248378293870803,-2.16629883
C6889,C1(=O)c2c(CC)c(C)[nH]c2CCC1CN1CCOCC1.Cl,-2.1266946280589414,-2.156863021
C6894,C(C(=O)N1CCN(C(CCBr)=O)CC1)CBr,-2.746471498537957,-2.1547984819999995
C690,c1cc(C)ccc1CC,-3.042172360075834,-3.1099998999999996
C6907,C(CC)N1C(C)(C)CCC1(C)C,-2.1613960494815627,-2.1459023700000004
C6933,C1(C)(CCCC)OCC(CO)O1,-1.8459389547486793,-2.133937918
C6941,N(S(=O)(=O)c1ccc(N)cc1)c1scc(C)n1,-2.453640686692161,-2.129266039
C6957,c1(Cl)c(Nc2ccccc2CC(=O)[O-])c(Cl)ccc1.[Na+],-4.206567127730223,-2.117891517
C6961,n1c(-n2nc(C)cc2OC)cc(OC)nc1,-1.4666315211074272,-2.113966997
C6963,[O-][N+](=O)c1n(C)c(/C=C/c2nc(N)ncc2)nc1,-1.9359199104624518,-2.112358848
C6967,C(C(COc1ccc(Cl)cc1)(C)O)O,-2.073481732399951,-2.110471462
C6985,COc1cc(OC)ccc1,-1.5515620044914389,-2.0970389069999995
C6991,C1(CC=C)(C(C)CC)C(=O)NC(=O)NC1=O,-2.473966230347432,-2.0921145160000005
C6993,C(N1C=CC(=C[NH+]=O)C=C1)CCN1C=CC(=C[NH+]=O)C=C1.[Cl-].[Cl-],-0.4580197914288805,-2.0905559919999996
C6996,O=C(N)OCC(COC(=O)N)(CC(C)C)C,-2.0718592231850708,-2.089550013000001
C700,c1cc(O)cc(O)c1-c1oc2cc(O)cc(O)c2c(=O)c1O,-3.518623748506039,-3.0799999000000002
C7000,c1(N)nc(-c2ccc(OC)cc2)nc(N)n1,-1.5993516031758157,-2.086503778
C7019,O(CC(COC(=O)N)(c1ccccc1)C)C(=O)N,-1.92722130561304,-2.0796463119999995
C7027,[C@@H]1(CO)[C@@H](O)[C@@H](O)[C@H](n2cnc3c(=S)nc[nH]c23)O1,-1.2861738533004472,-2.071204277000001
C7053,c1cccc2nc(Cl)oc12,-1.89968987286142,-2.05756996
C7062,[Pt+2].N1CCOCC1.N1CCOCC1.[Cl-].[Cl-],-2.914176236451654,-2.054845936000001
C7082,C(c1ccc(OC)cc1)/N=C(\N)CSS(=O)(=O)O,-1.984296038828377,-2.047951459
C7083,[nH]1cc(-c2ccncc2)cc(N)c1=O,-1.8396240749792425,-2.047001203
C7098,C(/C=C/c1ccccc1)(C)=O,-2.038046239002608,-2.036192411
C7099,CN(C)C1(C)C(C)C2CC1CC2,-2.00962400448688,-2.0359648619999997
C7109,n1c2c(=O)[n-]c(=O)nc-2n(C[C@H](O)[C@H](O)[C@H](O)CO)c2cc(C)c(C)cc12.[Na+],-2.061021739712864,-2.032064199
C7111,C#CCCCCF,-1.8020459567154485,-2.0311743269999996
C7184,c1([N+]([O-])=O)n(CC)c(C)cn1,-1.5668818975863275,-1.970663286
C719,CCNc1nc(O)c(CCCC)c(C)n1,-3.1384512698046,-3.02
C7195,C#CCNC(OCC(CC)(COC(N)=O)C)=O,-1.8938397285398116,-1.9643528360000004
C7206,c1(OCCN(CC)CC)ccccc1,-1.7123937396476705,-1.9537709040000002
C7222,C1Cc2c(cccc2)C1N(C)CC#C,-2.1865165830400013,-1.9435226460000001
C7224,C1(=O)C(NCCCN2CCCCC2)=CC(=O)c2c1cccn2,-2.003454451293912,-1.9421879599999996
C7240,O=C1CCCCC1(NC)c1c(Cl)cccc1,-2.4811919496363917,-1.9292308179999997
C7248,c1(C(=O)CC)ccc(NC)cc1,-1.9644273510328383,-1.9249716440000004
C7250,N(C(C)Cc1ccccc1)N(C)C,-1.7402412812961419,-1.9247643529999998
C7262,n1(C)c(=O)c2c(n(C)c1=O)nc[nH]2.NCCO,-0.915917507494675,-1.9185761509999997
C7269,c1cc(Cl)ccc1N1C(C)(C)N=C(N)N=C1N.Cl,-2.0892216193180615,-1.9155897489999998
C7274,C1Oc2c(cccc2)OC1,-1.6485780155348517,-1.911821567
C728,C(=O)(O)c1c(=O)c2c(nc(N3CCNCC3)nc2)n(CC)c1,-1.5629098074526746,-2.9800000000000004
C7280,O=C(Cl)CCc1ccccc1,-1.9818060478703698,-1.9067627989999998
C7359,C1SC(C(=O)C)(C)SC1,-1.3679311114695112,-1.839156992
C7374,n1cccc(C)c1NC(c1ccc(N)cc1)=O,-2.4746670901818857,-1.8314915719999991
C7381,N1C([S-])=NC(=O)C(CC=C)(C(CCC)C)C1=O.[Na+],-3.592371535940921,-1.8275861990000002
C7385,O=C(CC)N1C2CNCC1CC2,-0.9507973793613901,-1.826255564
C7394,c12c(cccc1)[nH]cc2C1[NH2+]C(C)CC1.[Cl-],-2.079451869075858,-1.8228271489999999
C7415,c1(/C=N\NC(=O)CN2CCN(CCO)CC2)oc([N+](=O)[O-])cc1,-2.4317462523645474,-1.8081669350000003
C7435,[nH]1c(=O)c2c(c(=O)[nH]1)cccc2,-1.8260279411172928,-1.7883076430000007
C7449,c1(OCC(CNC(C)C)O)ccc(NC(=O)C)cc1,-1.3399224285524693,-1.7749362309999996
C7454,C(C1=C(C)NC(C)=C(C(OCC)=O)C1)(=O)OCC,-2.243053623642952,-1.7721879919999999
C7467,C(O)C1(c2ccccc2)CC1,-1.6724615567569057,-1.7592431499999999
C749,BrCCC(C)C,-2.7052008343262886,-2.8900001000000004
C7508,C(S(=O)CC(C)C)C(C)C,-1.9463770581411541,-1.731727941
C7514,C(=O)(C)c1ccc(C)s1,-1.5693343210470665,-1.729608604
C7516,c1cc([C@H](C(N[C@@H]2C(=O)N3[C@@H]2SC(C)(C)[C@@H]3C(O)=O)=O)N)ccc1.O.O.O,-2.4347785516183267,-1.7273828430000002
C7517,c1(C(N)=O)cc(Br)ccc1OCC(C)O,-2.2231587194773983,-1.7269681140000004
C7526,OC(C(=O)OCCC[N+](CC)(CC)C)(c1ccccc1)c1ccccc1.[Cl-],-1.7080305681001162,-1.7233969480000002
C7527,OC(COc1cccc(C(C)=O)c1)CN1CCCCC1,-2.0412195395710633,-1.7228908040000004
C7529,CCOC(C1=CN(CC)C2CCCC(C)N2C1=O)=O,-2.5473206406125826,-1.7212875090000002
C7555,o1nc(C(N)=O)c(C)n1,-0.6826212974981783,-1.7041361659999998
C7562,OCCCN(CCCC)CCCC,-1.5753981437727542,-1.6974125329999998
C7574,C(/C=C/N1C(C)CCC1C)=C\C=[N+]1C(C)CCC1C.C1CC(C)N(/C=C/C=C/C=[N+]2C(C)CCC2C)C1C.O.O.[Cl-].[Cl-].O,-1.7520356238945154,-1.6875966569999998
C7583,C(c1cnc(N)nc1N)c1cc(OC)c(CO)c(OC)c1,-1.8860062314102302,-1.67627197
C7585,OC(c1c(NCCO)cccc1)=O,-1.3261374980593175,-1.6759595600000001
C7591,n1(-c2ccccc2)c(C)c(C(=O)[O-])nn1.[Na+],-1.040137226055735,-1.6731077040000006
C7599,C(=O)(OCC(CCCC)COC(N)=O)N,-1.904393302676498,-1.6640991009999995
C76,c1(Cl)cc(-c2ccccc2)c(Cl)c(Cl)c1Cl,-7.042374280619529,-7.1599998
C7622,C(C(=O)O[C@H]1[C@H](O[C@@H]2[C@@H](C)[C@H](O[C@H]3C[C@](OC)(C)[C@@H](O)[C@H](C)O3)[C@@H](C)C(=O)O[C@H](CC)[C@@](C)(O)[C@H](O)[C@@H](C)C(=O)[C@H](C)C[C@@]2(C)O)O[C@H](C)C[C@@H]1N(C)C)C.C(CCCCCCC)CCCCOS(=O)(=O)O,-7.122698585410831,-1.643615917
C7634,Cl.c1ccc(C(c2ccccc2)N2CCN(C)CC2)cc1,-2.6518077097828865,-1.637366434
C7638,C(CC)C(C)C(CO)CO,-1.2397422701244383,-1.634836782
C7650,O=C(c1cc(Cl)ccc1)N,-1.6159340407020724,-1.6262267430000004
C7675,c1(N)n(CCC)c(=O)n(C)c(=O)c1,-1.121216010946652,-1.6107052039999998
C768,c1c(C)cccc1C,-2.455935067200633,-2.8199999
C7688,[C@H]([C@H]1C[C@@H]2CCN1C[C@@H]2C=C)(O)c1c2c(ccc(OC)c2)ncc1.O=S(O)(=O)O,-1.7400736798475578,-1.6046333030000004
C7697,c1cc(Cl)ccc1P(O)(=O)O,-1.847322435067258,-1.5996643280000002
C7704,CCC(CO)(CO)CC.C(C(CO)(CO)CC)C.[Ca+2].[Cl-].[Cl-],0.32987291137856517,-1.5972095449999997
C7722,C(O)(=O)CC1(CN)CCCCC1,-0.7311892823656717,-1.581262189
C7726,C(CO)(O)COCc1ccc(C)cc1,-1.5910224178156638,-1.578471054
C7729,O(C)c1cc(/C=C/C(NO)=O)ccc1OC,-1.6797285856085713,-1.576426962
C7735,c1cc(-c2c3cc(Br)c([O-])c([Hg])c3oc3cc(=O)c(Br)cc2-3)c(C([O-])=O)cc1.[Na+].O.[Na+],-6.086961631361514,-1.5749949220000004
C7744,C(O)[C@]1(n2cnc3c(N)ncnc32)[C@H](O)[C@H](O)[C@@H](CO)O1,-0.8131838939863281,-1.570062557
C775,c1cn(CC(=O)NCc2ccccc2)c([N+](=O)[O-])n1,-2.4606391382579234,-2.8099998999999993
C7750,Cl.C(c1ccc2c(cccc2)n1)N(CCO)CCN(CC)CC.O.Cl,-2.577444527259428,-1.568384384
C7754,c1cc(Cl)ccc1CC(N)C.Cl,-1.4127414671740977,-1.5651362020000001
C7755,C1=C(C)C2C(C(=O)O1)C(C)CC2,-2.273135847537231,-1.5635317760000003
C7758,c1cc(C2(C(OCC)=O)CCN(C)CC2)cc(O)c1,-1.6594863480189348,-1.562697122
C777,c1(Cl)c(C)cc(O)cc1C,-2.494076312623007,-2.8
C778,c1c([N+](=O)[O-])ccc(C(O)=O)c1,-1.8647649014432284,-2.7999999999999994
C7780,C(=[N+]1/CC(C)CCC1)\C(=CC=CN1CC(C)CCC1)C.[Cl-],-2.6357721450426976,-1.5422698360000004
C779,c1cc2c(c(OC(=O)NC)c1)OC(C)(C)C2,-2.734692478701481,-2.799999999999999
C7792,C(C(N)=O)(CC)(O)c1ccccc1,-1.0799193637111397,-1.533555739
C7800,c1(O)c(C(=O)NCC)cccc1,-1.1912745021597309,-1.527792931
C7816,C(CN)([NH+]1CCCCC1)c1cccs1.[O-]C(=O)/C=C\C(O)=O,-2.074499300047811,-1.5185685080000002
C7828,CC(CCCC(C)C)[NH3+].[Cl-],-1.396195654848943,-1.5100656520000002
C7833,c12oc(=O)c3c(c1cccc2)OC(OC)(C)CC3c1ccccc1,-4.590682323391149,-1.508341134
C7838,ClCCCNC(Cc1ccccc1)C.Cl,-2.603083723094272,-1.5032485540000007
C7865,c1(=S)[nH]nc(C)c(=O)[nH]1,-1.10639922889614,-1.481891825
C7880,C1(C)CCCC(C)[N+]1(CC)CC.[Br-],-0.1582760453509562,-1.4668710919999999
C7886,C(C(N)C)CCCCC,-1.5683493648325846,-1.465016711
C7897,[nH]1c2ccccc2c(CN(C)C)c1,-1.2504189113978117,-1.4543429049999996
C7935,c1cc(O)ccc1C(O)C(C)NC(CCc1ccccc1)C.Cl,-2.664760868186082,-1.4292638000000002
C7937,O=C(CCC(=O)OCC(CO)(CC)CC)[O-].[Na+],-1.160800182466657,-1.4280084139999996
C794,O=C1[C@@](C)(C2=CCCCC2)C(=O)N(C)C(=O)N1,-2.646582283076203,-2.7399999999999993
C7958,Cl.CCN(CC)CCSC(=N)N.Cl,-0.599703005836329,-1.4102919790000001
C7960,C1CN2CC3=CCO[C@@H]4[C@H]5[C@H]6[C@]1(c1ccccc1N6C(=O)C4)[C@@H]2C[C@H]53.[C@@H]12[C@@H]3CC(=O)N4c5ccccc5[C@@]5(CCN6CC(=CCO3)[C@@H]1C[C@@H]56)[C@H]24.OS(=O)(O)=O,-2.3644452315741757,-1.407623129
C7975,c1(C)nc(=O)nc(NCC)[nH]1,-1.1138664690389297,-1.3879789639999998
C7978,c1(-c2nnco2)ccccc1,-1.4404943888532822,-1.386716986
C798,c1c(C(O)=O)c(I)ccc1,-2.852357039936606,-2.7300000000000004
C8004,C(C(C)C)(C(=O)NC(N)=O)Cl,-1.4622169718828841,-1.3583250260000002
C8041,C(C(=O)N1C2CN(C)CC1CC2)CC,-1.6577259966704352,-1.320241455
C8043,C([C@]12[C@]3(O[C@H]4[C@H](O)[C@@H](O)[C@H](O)[C@@H](CO)O4)C[C@H]1[C@]1(O)O[C@H]2O[C@@]3(C)C1)OC(=O)c1ccccc1,-2.003323489955419,-1.319934824
C805,[C@@H]([C@@H](C)Cl)(C)Cl,-1.789498122685874,-2.7000000000000006
C8051,c1n([C@H]2C[C@H](O)[C@@H](CO)O2)c(=O)[nH]c(=O)c1F,-0.33193930738927035,-1.3157305029999995
C8054,COc1ccc(CC(=O)C)cc1,-1.7544930257228386,-1.3141434039999997
C8066,c12c(OCCN3CCOCC3)ccc3c1[C@]14CCN(C)[C@@H]([C@@H]1C=C[C@H](O)[C@@H]4O2)C3,-1.880835792254303,-1.2994015890000001
C8068,C(C)CCN(c1ccccc1)C(=O)N,-2.087119573517191,-1.2971216990000003
C807,C(CCN)CCCCCCCC(=O)O,-2.3579512913803984,-2.700000000000001
C8073,C1C(NC)(C)C2CC1CC2,-1.2367786513993742,-1.293736995
C8083,C(C(O)CCCCC)#C,-1.3812663552280828,-1.2868083179999996
C8090,C(=O)(c1cc(O)ccc1)O,-1.0838373532245125,-1.27992482
C8092,c1cccc(OCC(C(O)C)O)c1,-0.8725629781280563,-1.2796816970000002
C810,Fc1ccccc1Br,-2.7469077520914498,-2.7
C8106,c1c(COC(NC)=O)nc(COC(=O)NC)cc1,-1.7911298907101938,-1.262740993
C812,C(C)(Cl)([C@H](C)Cl)C,-2.556113387195924,-2.6900001000000007
C8129,c1(Cl)c(Cl)nc(Cl)c(Cl)c1[O-].[Na+],-2.2272347524902005,-1.2449183399999997
C8132,Nc1c2c(cccn2)ccc1,-1.5516366795102359,-1.2442355539999999
C8141,C(c1cc(Cl)ccc1O)(O)=O,-1.926384532664555,-1.2369501989999998
C8154,CCC1(C)CC(=O)NC(=O)C1,-1.0779913058245099,-1.228371956
C8158,c1ccccc1CCCNCCSS(=O)(O)=O,-1.0682233237322594,-1.2198258999999998
C816,C=CCCC=C,-2.743956378451675,-2.6800001
C8179,Oc1c(C(O)=O)c(O)ccc1,-1.1276706151724127,-1.2074039260000002
C8180,C([C@@H](N)CC[S+](C)C)(O)=O.[Cl-],-0.7585365010259412,-1.204844777
C8181,C1(C)C(=O)C(CC)(CC)C(=O)NC1,-1.7943445897865655,-1.2042408900000001
C8185,C(C)[N+](C)(CC)CCOC(C(c1ccccc1)(c1ccccc1)O)=O.[Cl-],-1.5056240889154677,-1.202638889
C8195,Nc1c(/N=N/c2ccccc2)ccc(N)n1.Cl,-1.9974325016947243,-1.1960248970000003
C8198,c1cc(OCC(CO)O)ccc1C(C)=O,-1.0327800974337853,-1.1955878260000001
C8201,c1(OCC(CO)O)c(C)cccc1,-1.395815492418673,-1.188711628
C8232,C(NC)(C)Cc1ccccc1.Cl,-0.7464600711644291,-1.1449485929999998
C8235,O=C(N)OCC(CCC)COC(=O)N,-1.393579237340026,-1.142793697
C8273,CCC(C#CCl)(C=C)O,-1.569342671262281,-1.1187696309999997
C8276,N1=C(N)N[C@H]2[C@H](COC(N)=O)N=C(N)N3CCC(O)(O)[C@@]132.Cl.Cl,0.3160900956171393,-1.111844675
C8279,Clc1cc(C(=O)NN)cc(Cl)n1,-1.5483958650298348,-1.109802048
C8298,Cl.c1(C(OCCN(C)C)=O)cccc(OC)c1OC,-1.1162747266039474,-1.0984204729999998
C8299,c1cc(C2(C=O)CCNCC2)ccc1,-1.0932760068809642,-1.098077299
C831,C1(C2(CC)C(=O)NC(=O)NC2=O)=C[C@@H]2C[C@@H](CC2)C1,-2.8653435987834097,-2.6400000999999995
C8326,Cc1cc(C)n(/C(N)=N/[N+]([O-])=O)n1,-1.669589589174643,-1.0641996530000004
C8329,P(=O)(OP(OCC)(N(C)C)=O)(N(C)C)OCC,-1.0688165609534428,-1.0635262890000006
C8335,C(C(COC(N)=O)=CCC)OC(=O)N,-1.350494923990388,-1.0553826479999995
C835,C(C)C[C@@H](C)Cl,-2.0402637730720623,-2.6300001
C8351,NC(=O)c1cccc(OC)c1,-0.9036391567339676,-1.030540227
C8353,C1CC(C)(C)NC(C)C1,-1.0071096465673288,-1.0290459789999997
C8357,c1(CCNC)c[nH]c2ccccc12.Cl,-0.7175160217791275,-1.027009651
C8373,Cl.c1cc(NCCO)ccc1,0.3238004495094236,-1.00412133
C838,[N+]([O-])(O[C@H]1CO[C@H]2[C@@H]1OC[C@@H]2O[N+]([O-])=O)=O,-0.9775861864855916,-2.6300001000000006
C8404,c1cccc(N2C(=O)C3C(C2=O)C2OC3CC2)c1C,-1.5696244246688211,-0.9774519280000001
C8407,O=C([O-])c1cc(O)ccc1.[Na+],0.20489109677054107,-0.9739532609999996
C8412,c1(F)cc2c(nc1N1CCNCC1)n(CC)cc(C(O)=O)c2=O,-1.5863521699368228,-0.9701687749999998
C8429,c1(OC)cc(C(=O)N)cc(OC)c1OC,-1.0953847207576708,-0.9536610080000002
C843,c1c(N)ccc(S(=O)(Nc2cc(C)on2)=O)c1,-2.1446200842142034,-2.6199998999999994
C8439,C(SP(O)(O)=O)CCNCCCNCCCSP(O)(O)=O,0.12237325203259587,-0.9480031329999998
C8444,C(c1c2c(cccc2)[nH]c1)CNC,-1.1583989413905196,-0.9445000939999999
C8445,[C@@H]1(N(C)C)C(=O)C(C(N)=O)=C(O)[C@@]2(O)C(=O)C3=C(O)c4c(c(N(C)C)ccc4O)C[C@H]3C[C@@H]12,-2.4885393497701593,-0.9443716170000004
C8447,c1(CNNC)ccc(C(=O)NC(C)C)cc1.Cl,-1.5787860071561879,-0.9428715459999998
C8448,c1ncc2[nH]ccc2c1,-0.8452448572316884,-0.9423813410000002
C8461,Cn1c(Cl)nc([N+]([O-])=O)c1,-1.4202792928726298,-0.9322915310000002
C8468,C(CCO)CCCCO,-0.5782458289089568,-0.9278384070000001
C8472,c1[nH]c2c(c(=O)n1)cccc2,-1.3797379369816298,-0.9254963690000002
C8485,CN1C(C)CN(C(=O)CC)CC1C,-1.242111350182332,-0.9094594159999999
C8486,C1(C)CN(C)CC(C)N1C(CC)=O,-1.397003316264233,-0.909459416
C849,N1(Cl)C(=O)N(Cl)C(C)(C)C1=O,-0.8006811351430564,-2.5999999
C8490,CSc1c(N2CCN(CCO)CC2)nc(NC)nc1Cl,-1.821719377593364,-0.9034125800000002
C8494,CN(CCCCCCN(C)C)C,-1.0923184062328462,-0.9024754339999999
C8526,c1c(OC)ccc(OC)c1CCN.Cl,-0.39511270386593755,-0.8754464470000004
C8528,n1(C(C)=O)c2c(ccc(Cl)c2)oc1=O,-2.2390315002148986,-0.8737312800000001
C8529,O=C1C(=O)N(C)c2c1cccc2,-1.5203013541523371,-0.872602492
C8546,c1ccc(O)c(C(NCC(O)=O)=O)c1,-0.6587075096549698,-0.85617251
C855,C(CC)CC(CCCC)=O,-2.357310691069985,-2.5899998999999996
C8550,S(/C(N)=N\CC)CCN.Br.Br,-0.7721867592988954,-0.8465957449999998
C8560,c1([As](=O)(O)O)ccc(OCC(O)C)cc1,-0.1399009051062248,-0.835792819
C8585,[C@H]1([C@@H](O)CC)CCCCN1,-0.4034701967136816,-0.809681017
C8586,Cl.c1(CNN)ccccc1,0.3074199860358081,-0.8094474789999997
C8614,O(c1cc(O)ccc1)C(=O)C,-1.2234393320572394,-0.7820766140000001
C8627,OC1=C(C(=O)N)C(=O)[C@@H](N(C)C)[C@H]2[C@]1(O)C(=O)C1=C(O)c3c(O)cccc3[C@@](C)(O)[C@H]1[C@@H]2O.Cl,-1.49176620516342,-0.7673586840000002
C8629,c1c(C)n[nH]c1C,-0.3936099914941093,-0.7664426780000001
C8632,c1(NC(NCC)=O)ncco1,-1.1545358594313835,-0.7626365799999997
C8636,N1(CC)CCNC(=O)C1=O,-0.5328792470296495,-0.7583196240000001
C8637,N(c1nnc(S([NH-])(=O)=O)s1)C(=O)C.[Na+],-1.1449837517767842,-0.7573515559999999
C8638,[Li+].[Li+].C([O-])([O-])=O,0.6244263624127359,-0.7546305590000001
C8647,c1([N+]([O-])=O)n(CC(O)COC)ccn1,-0.5069137681084126,-0.742607087
C8654,N(C(=O)N)C(C)(C)C,-0.613790776741831,-0.730617807
C8669,Nc1cc2c(oc(N)n2)cc1,-1.3112650973050248,-0.7187871329999999
C8702,[nH]1c2c(=S)nc(N)[nH]c2nc1,-2.402503529119957,-0.6633036729999998
C8713,C1CCN(CC)C(=S)N1CC,-1.552173303626833,-0.6496727409999999
C8732,C(=C)C(CC)(C#C)O,-0.6413821697024613,-0.6026754640000002
C8736,OS(=O)(SCCNCCOc1ncc(Cl)cc1)=O,-0.8643837203729223,-0.5992683949999998
C874,CC(C)C,-2.060008421335613,-2.55
C8746,c1cccc(C(C([NH2+]C)CC)O)c1.[Cl-],-0.37164584605797873,-0.584156089
C8748,C(C(C(NNCc1ccc(O)c(O)c1O)=O)N)O.Cl,0.3466972161197727,-0.582548656
C8759,O=C(O)Cc1sc(=S)[nH]c1C,-1.4290519578079783,-0.5703111980000001
C8777,[nH]1ncc(Cl)c1,-0.3502370563323082,-0.5514203460000001
C8785,C([O-])(c1c(O)cccc1O)=O.[Na+],0.0907152638561678,-0.5381965780000002
C8802,O(c1cc([N+](C)(C)C)ccc1)C(=O)Cc1ccccc1.[Br-],-0.6464014211284342,-0.510961841
C8810,C1C(=O)NC(=O)CC1CC(C1CC(C)(O)CC(C)C1=O)O,-0.5892139233053546,-0.49737828199999995
C8836,[N+](N(CC)CC)(=O)[O-],-0.7437613841727948,-0.45981030799999995
C8847,O(c1cc(C(C[NH+](C)C)O)c(OC)cc1)C.[Cl-],-0.37418956524260083,-0.446604205
C8848,Cl.CC1C(c2ccccc2)OCCN1,-0.7697122226721583,-0.446153248
C8854,[nH]1cncc1C[C@@H](C(O)=O)NC(=O)CCN,-0.35700176625938057,-0.4403243470000001
C8857,C(CCCS([O-])=O)SSCCNC(C)=O.[Na+],-0.7895369092126717,-0.43806154399999997
C8866,C(C)N1CCN(C(OCC)=O)CC1.Cl,-0.8441594404976847,-0.42553929100000004
C8884,Cl.c1nc2c(cc(OC)cc2)c([C@@H](O)[C@@H]2C[C@H]3[C@@H](C=C)CN2CC3)c1.Cl,-2.4336778866703073,-0.397765163
C8887,c1cnc(N(Cc2cccs2)CCN(C)C)cc1.Cl,-2.069311742850405,-0.391204944
C8889,c1(NC(C)=O)cc([As](O)([O-])=O)ccc1.[Na+],-0.6316520361205386,-0.388122849
C8896,C(=O)(OC1C[C@@H]2N(C)[C@@H](CC2)C1)C(O)c1ccccc1.Br,-1.6513134264497111,-0.378580807
C8898,O=P(OC)(OC)SC,0.20729727301306686,-0.376202171
C89,c1c(C(C(Cl)(Cl)Cl)c2ccc(OC)cc2)ccc(OC)c1,-6.5592762940951745,-6.889999900000002
C8911,O=C1N(C)CCCC1,0.05038854948404497,-0.3564635960000001
C8913,S(S(O)(=O)=O)C/C(=N/CCCOC)N,-0.29446766184707956,-0.35498397499999995
C8956,CCCCNCC(c1ccc(O)cc1)O,-0.703486863190388,-0.284117508
C8992,S1C(C)(C)NCC1,-0.32655355213565485,-0.225731888
C8995,O=C(c1c[n+](Cc2ccccc2)ccc1)N.[Cl-],-0.2105990355501754,-0.21960200600000002
C9002,Oc1ccccc1C(=O)N(C)C,-0.7051091011684696,-0.20095567200000003
C9010,c12c3c(ccc1OC)C[C@H]1[N+](C)(C)CC[C@]34[C@H]1C=C[C@H](O)[C@@H]4O2.[Br-],-0.5433997956461923,-0.18086333100000007
C9018,[C@H]1(CO)[C@H](O)[C@@H](O)[C@H](NC)[C@H](O[C@H]2[C@H](O[C@H]3[C@H](O)[C@@H](O)[C@H](N=C(N)N)[C@@H](O)[C@@H]3N=C(N)N)O[C@@H](C)[C@]2(O)C=O)O1.O[C@@H]1[C@@H](O)[C@H](O[C@@H]2O[C@@H](C)[C@](O)(C=O)[C@H]2O[C@@H]2O[C@@H](CO)[C@H](O)[C@@H](O)[C@@H]2NC)[C@@H](N=C(N)N)[C@H](O)[C@H]1N=C(N)N.S(=O)(O)(=O)O.OS(=O)(O)=O.S(=O)(O)(=O)O,0.03677684683346608,-0.163571613
C904,C(=C(\C)CCC=C(C)C)\CO,-2.6569447369188275,-2.46
C9042,c1ccc(C2N(C)CCN2C)cc1,-0.5197561465609895,-0.132217805
C9049,OP(O)(c1ccc(N)cc1)=O,-1.06164126329013,-0.124373786
C9052,c1c(C)ccc(C(=O)Oc2cccc([N+](C)(C)C)c2)c1.[Br-],-0.7348467688959797,-0.117874335
C9060,C(O)C#CC#CC#CC(=O)N,0.4140646308861487,-0.097302768
C9076,C1CC2NC(=S)NC2CC1,-1.5088732591220317,-0.076540364
C9077,C1(C)OC(C)OC(C)O1,-0.5891800275394807,-0.07187872099999999
C9087,COc1ccc(OC)cc1C(O)C(C)N,-0.36557885877235263,-0.057647603
C9089,C(N)CCC[C@@H](C(O)=O)N.OC(c1[nH]c(=O)[nH]c(=O)c1)=O,-0.9238905442972658,-0.049055692000000005
C9093,ON=C(C(N)=O)C(=O)N,-0.42523952790603126,-0.03839163
C9101,c1(O)cc(O)cc(C(CNC(C)(C)C)O)c1,-0.14795663686875068,-0.024766417000000002
C9105,s1c(-c2cc[n+](C)cc2)ccc1.[I-],0.08551756063437523,-0.017780356
C912,c1(C)cc(=O)[nH]c(=S)[nH]1,-1.4375348601049232,-2.4300001
C9123,c1cc(CC(C)N)ccc1O.Br,-0.015410994948495328,0.009033913000000001
C9146,c1nc2c(cc1)C(=O)C(NCCN1CCOCC1)=CC2=O,-0.5339291799381032,0.057509497000000014
C9147,O1C(=O)[C@](C)(O)[C@](C)(O)[C@@H](C)C(=O)O[C@@H]2CCN3CC=C(C1)[C@H]23,-0.760208422086282,0.05945976799999999
C9182,C(C[n+]1cc2ccccc2cc1)CC[N+]1(C)CCCC1.[Br-].[Br-],-1.8590589937635507,0.10745292700000002
C9190,[nH]1[nH]c(=S)nc1,-0.5423007481410141,0.11898451699999997
C9204,CN1Cc2c(cc(O)c(O)c2)CC1.Cl,0.07773168585023806,0.146203109
C9216,N(C(=S)[S-])CCCCCCNC(=S)[S-].[Na+].[Na+],-1.3959320336808616,0.163253122
C925,c1cc(O)c(-c2ccccc2)cc1,-2.95709821203513,-2.3900001000000004
C9251,CC(Nc1c(I)c(C(=O)[O-])c(I)cc1I)=O.[Na+],-3.445889401162236,0.21148785899999997
C9253,C(C)[N+](CC)(Cc1ccccc1)CC.[OH-],-0.2678138429301488,0.213188429
C9257,C(O)Cc1c(C)[n+](Cc2c(N)nc(C)nc2)cs1.[Cl-],-0.11280865286214753,0.220684968
C926,C(CCCCC)CCO,-1.968749339971726,-2.3900001
C9262,C(CCC[N+](CC)(CC)CC)c1ccc([N+](CC)(CC)CC)cc1.[I-].[I-],-0.06480559906613582,0.23032659800000005
C9267,c1ccc([C@H](C(=O)OC2C[C@H]3N(C)[C@@H](C2)[C@@H]2O[C@H]32)CO)cc1.Br,-0.9422048130814653,0.23883776
C9272,C[N+](CC)(c1ccc(CCCC[N+](CC)(CC)C)cc1)CC.[I-].[I-],0.12894509725342024,0.25154296400000004
C9273,[C@H]1(c2[nH]nc(C(=O)N)c2O)[C@H](O)[C@H](O)[C@@H](CO)O1,-0.2284425185862187,0.253787814
C9276,S1C(N)=NC(C(=O)O)C1,-0.31923733481264105,0.2567635069999999
C9279,[C@@H]1(O)[C@@H](COP(O)(OP([O-])(OP(=O)(O)[O-])=O)=O)O[C@@H](n2c3c(nc2)c(N)ncn3)[C@@H]1O.[Na+].[Na+],-0.3384094829244003,0.258734112
C9286,[N+](CC)(C)(c1ccc(CCC[N+](CC)(CC)C)cc1)CC.[I-].[I-],0.15732148574732432,0.26255289200000004
C9291,C([N+](CC)(CCOC(C[N+](CC)(CC)CC)C)CC)C.[I-].[I-],0.14326908141820743,0.265737188
C9314,O.O.C(NCCSP(=O)(O)O)CNC.O.OP(SCCNCCNC)(=O)O.O.O,0.20272701661665837,0.285238667
C9315,[N+](C)(C)(c1ccc(CCCCC[N+](C)(C)C)cc1)C.[I-].[I-],0.36110977090629454,0.28544729000000013
C9319,N1C(C(=O)[O-])CSC1.[Na+],0.5183711411999604,0.287823113
C9326,O(CC[N+](C)(CC)CC)CC[N+]1(C)CCCCC1.[I-].[I-],0.1929440328570276,0.29051042799999993
C9334,C(=O)(O)[C@H]([C@H]1O[C@@H](n2cc(CO)c(=O)[nH]c2=O)[C@H](O)[C@@H]1O)NC([C@@H](N)[C@@H]([C@@H](O)COC(N)=O)O)=O,-0.11302796742301675,0.294641834
C9337,O(c1ccc([As](O)(O)=O)cc1N)CCO,-0.271863902872749,0.29692328100000004
C9361,C[N+](C)(C)CCOCC[N+](CCC)(C)CC.[I-].[I-],0.45529593723259076,0.31316627900000005
C9371,NCc1c(O)c(C)ncc1CO.Cl.Cl,0.4224971246935224,0.316751179
C9373,C12CCCC(C[N+](C)(CC[N+](C)(C)C)C1)C2.[I-].[I-],0.22890160506517482,0.3185624610000001
C9384,[I-].[N+](CCCCCCC[N+](C)(C)C)(C)(C)C.[I-],0.5009433722615136,0.327697074
C939,Cc1cc(OC(NC)=O)ccc1N(C)C,-1.750131935716181,-2.3599999
C9395,C[N+](c1ccc(C[N+](C)(C)C)cc1)(C)C.[I-].[I-],0.3880281145950638,0.3352095339999999
C9396,[N+](CCCCCCC[N+](CC)(CC)CC)(CC)(CC)CC.[Br-].[Br-],0.07398252297610543,0.336880721
C940,N(C)(C(NC1CCCCCCC1)=O)C,-2.8885998435586453,-2.3599999
C9412,CC[N+](CC)(CCCCCC[N+](CC)(CC)CC)CC.[Br-].[Br-],0.10690395123240097,0.35031863299999993
C9418,c1ccc(C=Cc2cc[n+](CCC[N+](C)(C)C)cc2)cc1.[Br-].[Br-],0.06277739507779652,0.3543429509999999
C9436,C(CCCCC[n+]1cc2ccccc2cc1)[N+](C)(C)C.[Br-].[Br-],0.30065995295495934,0.364271037
C9438,C(CSS(O)(=O)=O)NC(C)(C)C,0.5340240041009215,0.3647157330000001
C9445,C(C=CC=CN1CCCC1)=[N+]1CCCC1.[O-][Cl+3]([O-])([O-])[O-],0.31564322965449687,0.3703324020000001
C9448,c12ccccc1C[N+](CC)(CCC[N+](C)(C)C)CC2.[Br-].[Br-],0.23298577100846404,0.37443138100000006
C9451,C(C)[N+](CC)(CCC)CCOCC[N+](C)(C)CC.[Br-].[Br-],0.1461273418893356,0.37646748699999993
C9455,C([N+](C)(C)CC)COCC[N+]1(CC)CCOCC1.[Br-].[Br-],0.2778785198263951,0.37651293599999996
C9456,O=S(SCC/N=C(/NCC)N)(=O)O,-0.1449153852230678,0.37820612600000003
C9462,C[N+](CCCCC[n+]1ccc2ccccc2c1)(C)C.[Br-].[Br-],0.28438261532454756,0.3785983070000001
C9463,[n+]1(CCC[N+]2(C)CCCC2)ccc2c(cccc2)c1.[Br-].[Br-],-0.9462716514364929,0.380696891
C9468,c1cc(C[N+](C)(C)CCOCC[N+](Cc2ccccc2)(C)C)ccc1.[Cl-].[Cl-],0.09068818474961686,0.383601164
C9476,CC[N+](C)(C)CC(OC(C[N+](C)(C)CC)C)C.[Br-].[Br-],0.2543035211506851,0.3912098220000001
C9479,CC[N+](C)(CCCCCCC[N+](C)(CC)C)C.[Br-].[Br-],0.30882383954347,0.393323125
C9515,C1[N+]2(C)C(CN(C)C)C(CN(C)C)C(CC2)C1.[I-],-0.6928398523923454,0.4349566070000001
C9526,C(CNCCCN)CCNCCCN.Cl.Cl.Cl.Cl,0.3053143848356068,0.45819866100000006
C9527,[Br-].C[N+](C)(C)CCCCC[N+](C)(C)C.[Br-],0.46083284573447514,0.4582124070000002
C9540,[NH3+][C@H]1CC[C@@H]1S.[Cl-],0.3854734449508331,0.478236309
C9551,[Na+].O=S(c1cc(S(=O)(=O)[O-])cc(O)c1O)(=O)[O-].[Na+],0.5381773486636857,0.5028076420000002
C9572,[Cl-].C1C[NH+](CCC/[NH+]=C(\CS)N)CCO1.[Cl-],0.0750635158761512,0.537232245
C9573,CCOP(=O)(OP(OCC)(=O)OCC)OCC,-1.1479309345062017,0.5373190540000001
C9577,NCc1ccccc1.Cl,0.20604346137358392,0.546953738
C9591,[Cl-].C[N+](CCCCCC[N+](C)(C)C)(C)C.[Cl-],0.5643689183239029,0.5633826000000001
C9592,C(C)[N+](CCO)(CC)CC.[I-],0.7333378354730269,0.563586092
C9603,C1COCCOCCNCCOCCOCCN1,0.6512341914711404,0.581118915
C9608,O=c1[nH]c(=O)cc(C(=O)[O-])[nH]1.C[N+](C)(C)CCO,0.17786523665229761,0.5862611499999998
C962,C1(=O)NC(=O)C(c2ccccc2)(CC)C(=O)N1,-2.326578450676723,-2.3199998999999996
C9620,c1c(O)cc(CC(N)C(=O)OC(C(C)O)O)cc1,-0.17291180973675777,0.593000222
C9621,C(CNCCCN)CCN.Cl.Cl.Cl,0.5684901903523016,0.5941006810000001
C9622,Oc1ccc(C(C(CC)[NH2+]C)O)cc1O.[Cl-],0.17859425963035436,0.594599656
C9627,c1cc(O)c(O)c(O)c1,0.08626499891652492,0.60425499
C9628,O=P([O-])([O-])OCC(CO)O.[K+].[K+],0.7607803443067114,0.6051054770000001
C964,C1[C@@H]2C(C)(C)[C@@](C)([C@@H](O)C2)C1,-2.4457028790433144,-2.3199999
C9640,O(C)C(C(N)(C)Cc1ccc(O)cc1)=O.Cl,-0.09098889404471691,0.609589541
C9649,O1[C@H](CO)[C@@H](O)[C@H](O)[C@@H]1n1c(=O)nc(N)cc1,-0.06563253515478482,0.613872211
C9650,C[N+](C)(C)CCCC.[I-],0.7532476588680413,0.6141578770000001
C9664,C(\N=O)=C1/NC=CC=C1,-1.0275344550791108,0.6286066339999998
C9668,c1(O)cc(C(O)C(C)[NH2+]C)ccc1O.[Cl-],0.4500489149846796,0.6313561549999999
C9672,OP(O)(=O)SCCNCCCN.O,0.7391300301511852,0.6340723269999997
C9677,CN1/C(=C/[NH+]=O)N(COCC=C)C=C1.[Cl-],0.43494871303392735,0.6351114740000001
C9685,[N+](C)(CCOC(N)=O)(C)C.[Br-],0.7388134905436042,0.643779022
C9691,O[C@H]1[C@@H]2Oc3n(ccc(=N)n3)[C@@H]2O[C@@H]1CO,-0.9872679796142536,0.6474239190000003
C9698,C(OCN1C=C[NH+](C)/C1=C/[NH+]=O)C.[Cl-],0.41729466036155644,0.6562429290000001
C9714,Oc1c(C)ccc(C(O)C([NH3+])C)c1.[Cl-],0.2980385518905871,0.662155556
C9717,[O-]S(=O)(NC1CCCCC1)=O.[K+],-0.937834872585105,0.6628922899999998
C972,O(CC)P(OCC)(=S)Oc1ccc([S@](C)=O)cc1,-4.049804178809713,-2.2999999999999994
C9728,O=C(OC)[C@@H](N)Cc1ccc(O)c(O)c1,-0.6349870862069906,0.6752711299999997
C9735,OP(O)(c1cccc([N+](=O)[O-])c1)=O,-1.7089726861339296,0.6835375359999998
C9757,N(CCSS(O)(=O)=O)CCC,0.5583963531200045,0.700529748
C9765,C1([O-])=CC(=O)c2c(cccc2)C1=O.[Na+],-1.1892054680251365,0.7074404940000001
C977,O=[N+](C1C(=O)NC(=O)NC1=O)[O-],-1.3620560689441628,-2.2800000000000002
C9777,c1([C@H](O)[C@@H](N)C)ccccc1.Cl,0.3820856943487203,0.7266120650000002
C9788,C(C)(=O)NC(C(=O)CCC(N)=O)=C,-0.9361187534557104,0.734722139
C98,c1c(O[P@@](=O)(Oc2ccc(O)cc2C)Oc2c(O)cccc2C)c(C)ccc1O,-5.113948570868303,-6.699999799999999
C980,c1(C(O)=O)ccccc1-c1c(C(O)=O)cccc1,-3.032921288665348,-2.28
C9808,c1ccc([N+](C)(C)C)cc1.[OH-],0.6109263374392346,0.7546884970000001
C9810,C(O)(=O)C[C@H](NC(=O)C)C(O)=O,-0.37768192999876254,0.756614655
C9813,C(CN)c1ccc(O)cc1.Cl,0.5852256627259713,0.760350223
C9821,C(=N)(N)CSS(=O)(O)=O,0.1969902237055398,0.7690378929999999
C9825,O1CCN(CCO)CC1.Cl,0.7910015159786004,0.775640483
C9836,CN(CCOC(=O)C)C,0.2226464107268439,0.789022462
C9837,N(C)(CC(OCC)=O)C,0.08410417023579835,0.7890224619999999
C9847,O=S(SCCN)(=O)O,0.649682585361842,0.8035419329999999
C9851,C[C@@H]1O[C@@H]1P(O)(O)=O,0.33521294538152446,0.8068294400000002
C9864,C(O)(CF)CO,0.7095498657815654,0.8292533409999999
C9882,Oc1ccc(CN)cc1O,0.307949323024639,0.8565042740000001
C9898,c1(CNN)ccccc1,-0.2847088336107505,0.9130318709999999
C9913,c1(CO)ncccc1,0.4186032528266642,0.9620638039999998
C9941,CNCCN,0.7814486838769755,1.130023582